PDB,RES,CLASS,COMPLEX,RVALUE,RFREE,OCCUPANCY,BFACTOR,HYDROGENS,STRUCFAC,CHAINS,RESIDUES,NUCLEOTIDES,DATE,INSTITUTION,SOFTWARE,SEQUENCE,EXPMETHOD,NEGATIVE,BREAKS,INSERTIONS,NCS,IDENTICALS
PDB,NA,NA,NA,NA,NA,NA,NA,NA,N,NA,NA,NA,NA,NA,NA,NA,XR,NA,NA,NA,NA,NA
5VSG,1.10,DE NOVO PROTEIN,N,0.117,0.134,N,11.9,N,Y,A,4,0,11-MAY-17,S.MONDAL-G.JACOBY-M.R.SAWAYA-Z.A.ARNON-L.ADLER-ABRAMOVICH-P.REHAK-L.VUKOVIC-L.J.W.SHIMON-P.KRAL-R.BECK-E.GAZIT,REFMAC 5.8.0135,SFSF,XR,N,Y,N,N,N
2OL9,0.85,PROTEIN FIBRIL,N,0.073,0.078,N,3.56,N,Y,A,6,0,18-JAN-07,M.R.SAWAYA-S.SAMBASHIVAN-R.NELSON-M.I.IVANOVA-S.A.SIEVERS-M.I.APOSTOL-M.J.THOMPSON-M.BALBIRNIE-J.J.WILTZIUS-H.T.MCFARLANE-A.O.MADSEN-C.RIEKEL-D.EISENBERG,REFMAC,SNQNNF,XR,N,N,N,N,N
6MVZ,0.83,ANTIBIOTIC,N,NULL,NULL,N,5.01,N,Y,A,2,0,29-OCT-18,A.J.CAMERON-C.J.SQUIRE-A.GERENTON-L.A.STUBBING-P.W.R.HARRIS-M.A.BRIMBLE,SHELXL,FF,XR,N,Y,N,N,N
6MW1,0.77,ANTIBIOTIC,N,NULL,NULL,N,3.75,N,Y,A,2,0,29-OCT-18,A.J.CAMERON-C.J.SQUIRE-A.GERENTON-L.A.STUBBING-P.W.R.HARRIS-M.A.BRIMBLE,SHELXL,FF,XR,N,Y,N,N,N
6MW0,0.78,ANTIBIOTIC,N,NULL,NULL,Y,16.62,N,Y,A,1,0,29-OCT-18,A.J.CAMERON-C.J.SQUIRE-A.GERENTON-L.A.STUBBING-P.W.R.HARRIS-M.A.BRIMBLE,SHELXL,F,XR,N,N,N,N,N
6MW2,0.77,ANTIBIOTIC,N,NULL,NULL,N,2.53,N,Y,A,1,0,29-OCT-18,A.J.CAMERON-C.J.SQUIRE-A.GERENTON-L.A.STUBBING-P.W.R.HARRIS-M.A.BRIMBLE,SHELXL,F,XR,N,N,N,N,N
6ODG,1.00,PROTEIN FIBRIL,N,0.247,0.266,N,19.53,Y,Y,A,6,0,26-MAR-19,P.M.SEIDLER-D.R.BOYER-K.A.MURRAY-T.P.YANG-M.BENTZEL-M.R.SAWAYA-G.ROSENBERG-D.CASCIO-C.K.WILLIAMS-K.L.NEWELL-B.GHETTI-M.A.DETURE-D.W.DICKSON-H.V.VINTERS-D.S.EISENBERG,PHENIX,SVQIVY,XR,N,N,N,N,Y
6C3T,1.00,PROTEIN FIBRIL,N,0.111,0.124,N,9.63,N,Y,A,6,0,10-JAN-18,L.SAELICES-S.A.SIEVERS-M.R.SAWAYA-D.S.EISENBERG,REFMAC 5.4.0061,AADTWE,XR,N,N,N,N,Y
6EVH,0.90,ANTIBIOTIC,N,NULL,NULL,Y,11.74,Y,Y,A,4,0,01-NOV-17,R.GESSMANN-K.PETRATOS,SHELXL,PAII,XR,N,Y,N,N,N
6EEX,1.10,PROTEIN FIBRIL,N,0.062,0.069,N,3.5,Y,Y,A,6,0,15-AUG-18,C.T.ZEE-C.GLYNN-M.GALLAGHER-JONES-J.MIAO-C.G.SANTIAGO-D.CASCIO-T.GONEN-M.R.SAWAYA-J.A.RODRIGUEZ,PHENIX 1.12_2829,GSTSTA,XR,N,N,N,N,N
2IZQ,0.80,ANTIBIOTIC,Y,0.111,0.122,Y,20.42,Y,N,A,8,0,26-JUL-06,A.OLCZAK-M.L.GLOWKA-M.SZCZESIO-J.BOJARSKA-W.L.DUAX-B.M.BURKHART-Z.WAWRZAK,SHELXL-97,GAAVWWWW,XR,N,Y,N,N,Y
1A0M,1.10,ACETYLCHOLINE RECEPTOR ANTAGONIST,N,0.161,0.178,Y,27.41,N,Y,B,16,0,03-DEC-97,S.H.HU-M.LOUGHNAN-R.MILLER-C.M.WEEKS-R.H.BLESSING-P.F.ALEWOOD-R.J.LEWIS-J.L.MARTIN,X-PLOR 3.1,GCCSDPRCNMNNPDYCGCCSDPRCNMNNPDYC,XR,N,N,N,Y,Y
1A7Z,0.95,ANTIBIOTIC,N,0.081,0.097,N,4.14,N,Y,A,1,0,19-MAR-98,M.SCHAFER-G.M.SHELDRICK-I.BAHNER-H.LACKNER,SHELXL-97,T,XR,N,N,N,N,Y
1A7Y,0.94,ANTIBIOTIC,N,0.057,0.068,N,7.05,N,Y,A,4,0,19-MAR-98,M.SCHAFER-G.M.SHELDRICK-I.BAHNER-H.LACKNER,SHELXL-97,TPTP,XR,N,Y,N,N,Y
1AA5,0.89,ANTIBIOTIC,N,0.124,NULL,N,5.99,Y,Y,A,1,0,23-JAN-97,P.J.LOLL-A.E.BEVIVINO-B.D.KORTY-P.H.AXELSEN,SHELXL-93,N,XR,N,N,N,N,Y
1AKG,1.10,ACETYLCHOLINE RECEPTOR ANTAGONIST,N,0.147,0.157,Y,23.02,N,Y,A,16,0,18-MAY-97,S.H.HU-J.GEHRMANN-P.F.ALEWOOD-D.J.CRAIK-J.L.MARTIN,X-PLOR 3.1,GCCSLPPCALSNPDYC,XR,N,N,N,Y,N
1ALZ,0.86,ANTIBIOTIC,N,0.162,0.185,Y,21.84,Y,Y,B,8,0,06-JUN-97,B.M.BURKHART-R.M.GASSMAN-D.A.LANGS-W.A.PANGBORN-W.L.DUAX,SHELXL-97,GAAVWYWWGAAVWWWW,XR,N,Y,N,N,N
1BYZ,0.90,DE NOVO PROTEIN,N,0.086,0.105,N,19.32,Y,Y,A,12,0,20-OCT-98,G.G.PRIVE-D.H.ANDERSON-L.WESSON-D.CASCIO-D.EISENBERG,SHELXL,ELLKKLLEELKG,XR,N,N,N,N,Y
1C0R,1.00,ANTIBIOTIC,Y,0.114,0.142,N,5.76,N,N,A,1,0,20-JUL-99,P.J.LOLL-J.KAPLAN-B.S.SELINSKY-P.H.AXELSEN,SHELXL-93,N,XR,N,N,N,N,Y
1C0Q,1.00,ANTIBIOTIC,Y,0.119,0.139,N,4.78,N,N,A,1,0,20-JUL-99,P.J.LOLL-J.KAPLAN-B.S.SELINSKY-P.H.AXELSEN,SHELXL-93,N,XR,N,N,N,N,Y
1ITT,1.00,STRUCTURAL PROTEIN,N,0.222,0.294,N,18.54,N,N,C,7,0,03-FEB-02,C.HONGO-V.NAGARAJAN-K.NOGUCHI-S.KAMITORI-K.OKUYAMA-Y.TANAKA-N.NISHINO,SHELXL-97,GPPGPPGPGPPGPPPPGPPGP,XR,N,N,N,N,N
1W7Q,1.10,ANTIBIOTIC,N,0.169,0.195,N,16.68,N,Y,A,4,0,08-SEP-04,G.BUNKOCZI-L.VERTESY-G.M.SHELDRICK,SHELXL-97,VVFD,XR,N,Y,N,N,Y
1QOW,1.06,ANTIBIOTIC,N,0.141,NULL,N,23.75,N,Y,A,14,0,19-NOV-99,T.R.SCHNEIDER-J.KARCHER-E.POHL-P.LUBINI-G.M.SHELDRICK,SHELXL-97,CFLPGGGGVCLECI,XR,N,Y,N,N,Y
1QD8,1.00,ANTIBIOTIC,Y,0.110,0.131,N,4.81,N,N,A,1,0,15-JUL-99,P.J.LOLL-J.KAPLAN-B.S.SELINSKY-P.H.AXELSEN,SHELXL-93,N,XR,N,N,N,N,Y
1QFI,0.91,ANTIBIOTIC,N,0.065,NULL,N,6.88,N,Y,A,3,0,12-APR-99,A.LIFFERTH-I.BAHNER-H.LACKNER-M.SCHAEFER,SHELXL-97,TTP,XR,N,Y,N,N,Y
1M24,0.90,ANTIBIOTIC,N,0.076,0.092,N,23.65,Y,Y,A,8,0,21-JUN-02,J.K.CHUGH-H.BRUECKNER-B.A.WALLACE,SHELXL-97,GLQAAPLQ,XR,N,Y,N,N,Y
1SHO,1.09,ANTIBIOTIC,N,0.105,NULL,N,5.15,N,Y,A,1,0,23-JUL-97,M.SCHAFER-T.R.SCHNEIDER-G.M.SHELDRICK,SHELXL-96,N,XR,N,N,N,N,Y
1ETN,0.89,ENTEROTOXIN,N,0.088,NULL,N,0.27,Y,Y,A,12,0,15-MAR-94,H.OZAKI-T.SATO-H.KUBOTA-Y.HATA-Y.KATSUBE-Y.SHIMONISHI,FMLS/VP,CELCCNPACAGC,XR,N,N,N,Y,N
1ETM,0.89,ENTEROTOXIN,N,0.065,NULL,N,0.19,Y,Y,A,12,0,15-MAR-94,T.SATO-H.OZAKI-Y.HATA-Y.KITAGAWA-Y.KATSUBE-Y.SHIMONISHI,FMLS/VP,CELCCNPLCAGC,XR,N,N,N,Y,N
1ETL,0.89,ENTEROTOXIN,N,0.073,NULL,N,0.27,Y,Y,A,12,0,15-MAR-94,T.SATO-H.OZAKI-Y.HATA-Y.KITAGAWA-Y.KATSUBE-Y.SHIMONISHI,FMLS/VP,CELCCNPGCAGC,XR,N,N,N,Y,N
1GHG,0.98,ANTIBIOTIC,N,0.150,0.150,N,9.77,N,N,A,1,0,13-DEC-00,J.KAPLAN-B.D.KORTY-P.H.AXELSEN-P.J.LOLL,SHELXL,N,XR,N,N,N,N,Y
1GO6,0.98,ANTIBIOTIC/PEPTIDE,Y,0.130,0.159,Y,42.71,N,N,O,1,0,19-OCT-01,C.LEHMANN-G.BUNKOCZI-L.VERTESY-G.M.SHELDRICK,SHELXL-97,NKNKNKNKNNNN,XR,N,N,N,N,N
2BFI,1.1,AMYLOID,N,NULL,NULL,N,0,Y,N,A,12,0,07-DEC-04,O.SUMNER MAKIN-E.ATKINS-P.SIKORSKI-J.JOHANSSON-L.C.SERPELL,CERIUS 2,KFFEAAAKKFFE,XR,N,N,N,Y,N
1XY1,1.04,HORMONE,N,0.088,NULL,N,1.48,Y,N,A,8,0,05-JUN-87,S.P.WOOD-I.J.TICKLE-A.M.TREHARNE-J.E.PITTS-Y.MASCARENHAS-J.Y.LI-J.HUSAIN-S.COOPER-T.L.BLUNDELL-V.J.HRUBY-A.BUKU-A.J.FISCHMAN-H.R.WYSSBROD,SHELX-76,YIQNCPLG,XR,N,N,N,N,Y
1OB7,0.89,ANTIBIOTIC,N,0.072,0.077,N,16.75,N,Y,A,5,0,24-JAN-03,G.BUNKOCZI-M.SCHIELL-L.VERTESY-G.M.SHELDRICK,SHELXL-97,FGLQP,XR,N,Y,N,N,N
1OB6,0.89,ANTIBIOTIC,N,0.075,0.079,Y,6.61,N,Y,A,5,0,24-JAN-03,G.BUNKOCZI-M.SCHIELL-L.VERTESY-G.M.SHELDRICK,SHELXL-97,FGLQP,XR,N,Y,N,N,Y
1OB4,0.95,ANTIBIOTIC,N,0.087,0.112,Y,19.15,N,Y,A,5,0,24-JAN-03,G.BUNKOCZI-M.SCHIELL-L.VERTESY-G.M.SHELDRICK,SHELXL-97,FGLQP,XR,N,Y,N,N,N
1PEN,1.10,NEUROTOXIN,N,0.127,0.152,N,30.2,N,N,A,16,0,29-JAN-96,S.H.HU-J.GEHRMANN-L.W.GUDDAT-P.F.ALEWOOD-D.J.CRAIK-J.L.MARTIN,X-PLOR 3.1,GCCSLPPCAANNPDYC,XR,N,N,N,Y,N
1W3M,1.00,ANTIBIOTIC,N,0.139,0.171,N,41.98,N,Y,A,7,0,16-JUL-04,G.BUNKOCZI-L.VERTESY-G.M.SHELDRICK,SHELXL-97,DDGDGVP,XR,N,Y,N,N,Y
2YGI,0.80,METAL TRANSPORT,N,0.076,0.089,Y,12.31,N,Y,A,4,0,18-APR-11,A.EL GHAZOUANI-A.BASLE-J.GRAY-D.W.GRAHAM-S.J.FIRBANK-C.DENNISON,SHELXL-97,ASAA,XR,N,Y,N,N,Y
2YGJ,0.80,METAL TRANSPORT,N,0.087,0.109,Y,7.8,N,Y,A,4,0,18-APR-11,A.EL GHAZOUANI-A.BASLE-J.GRAY-D.W.GRAHAM-S.J.FIRBANK-C.DENNISON,SHELXL-97,ASAM,XR,N,Y,N,N,N
3SBN,0.90,ANTIBIOTIC,N,0.102,0.128,Y,22.84,Y,Y,A,8,0,06-JUN-11,R.GESSMANN-D.AXFORD-R.L.OWEN-H.BRUCKNER-K.PETRATOS,SHELX-L,NLPAVPLP,XR,N,Y,N,N,Y
2XJH,0.92,OXIDOREDUCTASE,N,0.125,0.141,Y,15.9,N,Y,A,8,0,06-JUL-10,A.EL GHAZOUANI-A.BASLE-S.J.FIRBANK-C.W.KNAPP-J.GRAY-D.W.GRAHAM-C.DENNISON,SHELXL-97,GSCYPSCM,XR,N,Y,N,N,Y
2XJI,1.00,OXIDOREDUCTASE,N,0.114,0.129,N,15.15,N,Y,A,7,0,06-JUL-10,A.EL GHAZOUANI-A.BASLE-S.J.FIRBANK-C.W.KNAPP-J.GRAY-D.W.GRAHAM-C.DENNISON,SHELXL-97,GSCYPSC,XR,N,Y,N,N,Y
2Y5M,1.08,ANTIBIOTIC,N,0.132,0.155,N,24.48,N,Y,A,8,0,14-JAN-11,N.HOEFER-D.ARAGAO-J.LYONS-M.CAFFREY,REFMAC 5.5.0066,GAAVWWWW,XR,N,Y,N,N,Y
4OLR,1.10,PROTEIN FIBRIL,N,0.153,0.187,N,9.9,Y,Y,A,2,0,24-JAN-14,T.D.DO-N.E.LAPOINTE-S.SANGWAN-D.B.TEPLOW-S.C.FEINSTEIN-M.R.SAWAYA-D.S.EISENBERG-M.T.BOWERS,PHENIX (PHENIX.REFINE: 1.8.2_1309),FV,XR,N,N,N,N,Y
4M6E,0.95,ANTIBIOTIC,N,0.135,0.142,Y,14.46,Y,Y,A,7,0,09-AUG-13,P.J.LOLL-E.C.UPTON-V.NAHOUM-N.J.ECONOMOU-S.COCKLIN,PHENIX (PHENIX.REFINE: 1.8.2_1309),PFNQYVL,XR,N,Y,N,N,N
4NAG,0.81,BIOSYNTHETIC PROTEIN,N,0.054,NULL,N,9.51,Y,Y,A,16,0,22-OCT-13,J.D.HEGEMANN-M.ZIMMERMANN-S.ZHU-H.STEUBER-K.HARMS-X.XIE-M.A.MARAHIEL,SHELXL-97,GGPLAGEEIGGFNVPG,XR,N,N,N,N,Y
5EMG,1.06,BIOSYNTHETIC PROTEIN,N,0.164,0.193,N,0,N,Y,,0,0,06-NOV-15,A.KILISZEK-K.BANASZAK-Z.DAUTER-W.RYPNIEWSKI,REFMAC 5.8.0124,,XR,N,N,N,N,N
5D9E,0.86,UNKNOWN FUNCTION,N,0.099,0.107,Y,13.33,Y,Y,A,18,0,18-AUG-15,J.D.HEGEMANN-C.D.FAGE-S.ZHU-K.HARMS-F.S.DI LEVA-E.NOVELLINO-L.MARINELLI-M.A.MARAHIEL,PHENIX 1.9-1692,GTLTPGLPEDFLPGHYPG,XR,N,Y,N,N,N
3HYD,1.00,PROTEIN FIBRIL,N,0.149,0.180,Y,18.81,Y,Y,A,7,0,22-JUN-09,M.I.IVANOVA-S.A.SIEVERS-M.R.SAWAYA-J.S.WALL-D.EISENBERG,REFMAC,LVEALYL,XR,N,N,N,N,N
3MBU,1.05,PEPTIDE NUCLEIC ACID,N,0.127,0.169,N,24.39,N,Y,A,1,0,26-MAR-10,J.I.YEH-E.POHL-D.TRUAN-W.HE-G.M.SHELDRICK-S.DU-C.ACHIM,SHELXL-97,K,XR,N,N,N,N,Y
3NJW,0.86,ANTIMICROBIAL PROTEIN,N,0.105,NULL,N,11.03,N,Y,A,19,0,18-JUN-10,H.NAR-A.SCHMID-C.PUDER-O.POTTERAT,SHELXL-97,GLPWGCPSDIPGWNTPWAC,XR,N,N,N,N,N
3AL1,0.75,STRUCTURAL PROTEIN,N,0.131,0.145,Y,18.52,Y,Y,A,12,0,26-OCT-98,W.R.PATTERSON-D.H.ANDERSON-W.F.DEGRADO-D.CASCIO-D.EISENBERG,SHELXL-97,ELLKKLLEELKG,XR,N,N,N,N,Y
4G13,0.80,ANTIBIOTIC,N,0.078,0.081,Y,12,Y,Y,A,5,0,10-JUL-12,R.GESSMANN-D.AXFORD-G.EVANS-H.BRUCKNER-K.PETRATOS,SHELXL-97,FVGLQ,XR,N,Y,N,N,N
4G14,1.09,ANTIBIOTIC,N,0.123,0.171,Y,31.27,Y,Y,A,5,0,10-JUL-12,R.GESSMANN-D.AXFORD-G.EVANS-H.BRUCKNER-K.PETRATOS,SHELXL-97,FVGLQ,XR,N,Y,N,N,N
4TUT,0.90,MEMBRANE PROTEIN  DE NOVO PROTEIN,N,0.071,0.098,N,2.98,N,Y,A,6,0,24-JUN-14,L.YU-S.J.LEE-V.C.YEE,PHENIX (PHENIX.REFINE: 1.9_1692),GGYMLG,XR,N,N,N,N,N
4UBY,1.00,DE NOVO PROTEIN  MEMBRANE PROTEIN,N,0.122,0.158,Y,5.49,N,Y,A,6,0,13-AUG-14,L.YU-S.J.LEE-V.C.YEE,PHENIX (PHENIX.REFINE: 1.9_1692),GGYVLG,XR,N,N,N,N,Y
4UBZ,1.00,DE NOVO PROTEIN  MEMBRANE PROTEIN,N,0.089,0.110,N,6.08,N,Y,A,6,0,13-AUG-14,L.YU-S.J.LEE-V.C.YEE,PHENIX (PHENIX.REFINE: 1.9_1692),GGYLLG,XR,N,N,N,N,Y
5I6A,0.81,STRUCTURAL PROTEIN,N,0.062,0.077,N,8.21,Y,Y,A,9,0,16-FEB-16,M.BARTOLONI-S.WALTERSPERGER-M.BUMANN-A.STOCKER-T.DARBRE-J.-L.REYMOND,PHENIX 1.8.4_1496,AFGVFPQAG,XR,N,Y,N,N,Y
4Z0W,1.10,ANTIBIOTIC,N,0.110,0.121,Y,30.92,Y,Y,B,10,0,26-MAR-15,L.DU-A.L.RISINGER-C.A.MITCHELL-B.W.STAMPS-N.PAN-J.B.KING-J.L.MOTLEY-L.M.THOMAS-Z.YANG-B.S.STEVENSON-S.L.MOOBERRY-R.H.CICHEWICZ,SHELXL,PPFPAALLLPPFPAALLLG,XR,N,Y,N,N,N
5N9H,1.00,CELL ADHESION,N,0.082,0.096,N,7.15,Y,Y,A,4,0,24-FEB-17,M.EL-KHATIB-C.NASRALLAH-J.LOPES-Q.T.TRAN-G.TETREAU-H.BASBOUS-D.FENEL-B.GALLET-M.LETHIER-J.M.BOLLA-J.M.PAGES-M.VIVAUDOU-M.WEIK-M.WINTERHALTER-J.P.COLLETIER,PHENIX,LGNY,XR,N,N,N,N,Y
4K7T,1.10,ANTIBIOTIC,Y,0.128,0.149,N,20.42,Y,Y,A,8,0,17-APR-13,N.J.ECONOMOU-S.COCKLIN-P.J.LOLL,PHENIX (PHENIX.REFINE: 1.8.1_1168),ICLIKIHN,XR,N,Y,N,N,N
4W5L,1.00,DE NOVO PROTEIN  MEMBRANE PROTEIN,N,0.169,0.177,Y,17.33,N,Y,A,7,0,18-AUG-14,L.YU-S.J.LEE-V.C.YEE,PHENIX (PHENIX.REFINE: 1.9_1692),GGYLLGS,XR,N,N,N,N,Y
4W71,1.00,DE NOVO PROTEIN  MEMBRANE PROTEIN,N,0.119,0.153,Y,8.25,N,Y,A,7,0,21-AUG-14,L.YU-S.J.LEE-V.C.YEE,PHENIX (PHENIX.REFINE: 1.9_1692),GYLLGSA,XR,N,N,N,N,Y
4W67,1.00,DE NOVO PROTEIN  MEMBRANE PROTEIN,N,0.110,0.148,Y,9.2,N,Y,A,7,0,20-AUG-14,L.YU-S.J.LEE-V.C.YEE,PHENIX (PHENIX.REFINE: 1.9_1692),GYVLGSA,XR,N,N,N,N,Y
4HP2,0.64,ANTIBIOTIC,N,0.076,NULL,Y,7.49,Y,Y,B,6,0,23-OCT-12,K.PROPPER-J.J.HOLSTEIN-C.B.HUBSCHLE-C.S.BOND-B.DITTRICH,SHELXL,IAASTIAASTT,XR,N,Y,N,N,N
4D5M,0.85,HORMONE,N,0.080,0.087,Y,4.63,Y,Y,A,8,0,05-NOV-14,C.VALERY-S.DEVILLE-FOILLARD-C.LEFEBVRE-N.TABERNER-P.LEGRAND-F.MENEAU-C.MERIADEC-C.DELVAUX-T.BIZIEN-E.KASOTAKIS-C.LOPEZ-IGLESIAS-A.GALL-S.BRESSANELLI-M.-H.LE DU-M.PATERNOSTRE-F.ARTZNER,REFMAC 5.8.0073,HWSYLRPG,XR,N,Y,N,N,Y
4E0K,0.97,PROTEIN FIBRIL,N,0.114,0.131,Y,20.28,Y,Y,A,6,0,04-MAR-12,C.LIU-M.ZHAO-L.JIANG-P.N.CHENG-J.PARK-M.R.SAWAYA-A.PENSALFINI-D.GOU-A.J.BERK-C.G.GLABE-J.NOWICK-D.EISENBERG,PHENIX (PHENIX.REFINE: 1.7_650),KDWSFY,XR,N,N,N,N,Y
5WIA,1.00,PROTEIN FIBRIL,Y,0.157,0.181,N,15.34,N,Y,A,6,0,18-JUL-17,E.L.GUENTHER-Q.CAO-H.TRINH-J.LU-M.R.SAWAYA-D.CASCIO-D.R.BOYER-J.A.RODRIGUEZ-M.P.HUGHES-D.S.EISENBERG,PHENIX 1.9_1692,GNNSYS,XR,N,N,N,N,N
5WHN,1.10,PROTEIN FIBRIL,Y,0.136,0.160,Y,8.39,N,Y,A,6,0,17-JUL-17,E.L.GUENTHER-Q.CAO-H.TRINH-J.LU-M.R.SAWAYA-D.CASCIO-D.R.BOYER-J.A.RODRIGUEZ-M.P.HUGHES-D.S.EISENBERG,PHENIX DEV_1555,NFGAFS,XR,N,N,N,N,N
5WHP,1.00,PROTEIN FIBRIL,Y,0.087,0.093,N,6.3,N,Y,A,6,0,17-JUL-17,E.L.GUENTHER-Q.CAO-H.TRINH-J.LU-M.R.SAWAYA-D.CASCIO-D.R.BOYER-J.A.RODRIGUEZ-M.P.HUGHES-D.S.EISENBERG,REFMAC 5.7.0032,NFGTFS,XR,N,N,N,N,N
6FG4,1.10,PROTEIN FIBRIL,N,0.163,0.194,Y,14.57,N,Y,A,6,0,09-JAN-18,N.SALINAS-J.P.COLLETIER-A.MOSHE-M.LANDAU,REFMAC,IIKVIK,XR,N,N,N,N,N
5ZGL,0.95,RNA BINDING PROTEIN,N,0.102,0.121,N,24.19,Y,Y,A,7,0,09-MAR-18,X.GUI-F.LUO-Y.LI-H.ZHOU-Z.QIN-Z.LIU-J.GU-M.XIE-K.ZHAO-B.DAI-W.S.SHIN-J.HE-L.HE-L.JIANG-M.ZHAO-B.SUN-X.LI-C.LIU-D.LI,PHENIX 1.10_2155,GGGYGGS,XR,N,N,N,N,Y
6ANN,0.76,DE NOVO PROTEIN,N,0.144,0.157,N,0,N,Y,,0,0,14-AUG-17,A.J.CAMERON-C.J.SQUIRE-P.J.B.EDWARDS-E.HARJES-V.SAROJINI,REFMAC 5.8.0158,,XR,N,N,N,N,N
6ANM,0.64,DE NOVO PROTEIN,N,0.086,0.090,N,0,N,Y,,0,0,14-AUG-17,A.J.CAMERON-C.J.SQUIRE-P.J.B.EDWARDS-E.HARJES-V.SAROJINI,REFMAC 5.8.0158,,XR,N,N,N,N,N
6BTK,1.10,PROTEIN FIBRIL,N,0.141,0.162,N,39.73,N,Y,A,9,0,06-DEC-17,M.GALLAGHER-JONES-C.GLYNN-D.R.BOYER-M.W.MARTYNOWYCZ-E.HERNANDEZ-J.MIAO-C.T.ZEE-I.V.NOVIKOVA-L.GOLDSCHMIDT-H.T.MCFARLANE-G.F.HELGUERA-J.E.EVANS-M.R.SAWAYA-D.CASCIO-D.S.EISENBERG-T.GONEN-J.A.RODRIGUEZ,REFMAC,QYNNQNNFV,XR,N,N,N,N,N
6BWZ,1.10,PROTEIN FIBRIL,Y,0.143,0.165,N,6.96,N,Y,A,6,0,15-DEC-17,M.P.HUGHES-M.R.SAWAYA-D.R.BOYER-L.GOLDSCHMIDT-J.A.RODRIGUEZ-D.CASCIO-L.CHONG-T.GONEN-D.S.EISENBERG,REFMAC,SYSGYS,XR,N,N,N,N,N
6BXV,1.10,PROTEIN FIBRIL,Y,0.138,0.148,N,15.94,N,Y,A,8,0,19-DEC-17,M.P.HUGHES-M.R.SAWAYA-D.R.BOYER-L.GOLDSCHMIDT-J.A.RODRIGUEZ-D.CASCIO-L.CHONG-T.GONEN-D.S.EISENBERG,REFMAC 5.8.0073,SYSSYGQS,XR,N,N,N,N,N
6BXX,1.10,PROTEIN FIBRIL,Y,0.064,0.087,N,3.06,Y,Y,A,6,0,19-DEC-17,M.P.HUGHES-M.R.SAWAYA-D.R.BOYER-L.GOLDSCHMIDT-J.A.RODRIGUEZ-D.CASCIO-L.CHONG-T.GONEN-D.S.EISENBERG,PHENIX 1.9_1692,GYNGFG,XR,N,N,N,N,N
6CB9,1.10,PROTEIN FIBRIL,Y,0.199,0.243,Y,20.2,Y,Y,A,6,0,02-FEB-18,E.L.GUENTHER-Q.CAO-H.TRINH-J.LU-M.R.SAWAYA-D.CASCIO-D.R.BOYER-J.A.RODRIGUEZ-M.P.HUGHES-D.S.EISENBERG,REFMAC,AALQSS,XR,N,N,N,N,N
5M2K,1.00,ANTIBIOTIC,Y,0.098,0.105,N,27.28,N,Y,A,1,0,13-OCT-16,A.ZARKAN-H.R.MACKLYNE-D.Y.CHIRGADZE-A.D.BOND-A.R.HESKETH-H.J.HONG,REFMAC 5.8.0135,N,XR,N,N,N,N,Y
5M2H,0.95,ANTIBIOTIC,Y,0.106,0.118,N,5.81,N,Y,A,1,0,13-OCT-16,A.ZARKAN-H.R.MACKLYNE-D.Y.CHIRGADZE-A.D.BOND-A.R.HESKETH-H.J.HONG,REFMAC 5.8.0135,N,XR,N,N,N,N,Y
5OQZ,0.81,UNKNOWN FUNCTION,N,0.085,0.091,Y,14.17,Y,Y,A,18,0,14-AUG-17,K.JEANNE DIT FOUQUE-H.LAVANANT-S.ZIRAH-J.D.HEGEMANN-C.D.FAGE-M.A.MARAHIEL-S.REBUFFAT-C.AFONSO,REFMAC 5.8.0158,GAPSLINSEDNPAFPQRV,XR,N,N,N,N,N
6TOV,0.77,ANTIBIOTIC,N,0.097,0.114,N,0,N,Y,,0,0,12-DEC-19,B.D.BELVISO-B.CARROZZINI-R.CALIANDRO-C.D.ALTOMARE-I.BOLOGNINO-S.CELLAMARE,REFMAC 5.8.0253,,XR,N,N,N,N,N
6DIX,1.00,PROTEIN FIBRIL,N,0.105,0.125,Y,20.73,Y,Y,A,6,0,23-MAY-18,B.BRUMSHTEIN-S.R.ESSWEIN-M.R.SAWAYA-G.ROSENBERG-A.T.LY-M.LANDAU-D.S.EISENBERG,REFMAC,NFVFGT,XR,N,N,N,N,Y
6DIY,0.90,PROTEIN FIBRIL,N,0.099,0.120,Y,12.37,Y,Y,A,5,0,24-MAY-18,B.BRUMSHTEIN-S.R.ESSWEIN-M.R.SAWAYA-G.ROSENBERG-A.T.LY-M.LANDAU-D.S.EISENBERG,REFMAC,YTFGQ,XR,N,N,N,N,N
6DKZ,0.99,PLANT PROTEIN,N,0.173,0.174,N,9.5,Y,Y,A,8,0,31-MAY-18,S.D.RAMALHO-C.K.WANG-G.J.KING-K.A.BYRIEL-Y.H.HUANG-V.S.BOLZANI-D.J.CRAIK,PHENIX (1.10_2142: ???),SIILGILG,XR,N,N,N,N,N
6DL1,1.03,PLANT PROTEIN,N,0.194,0.211,N,8.43,Y,Y,A,8,0,31-MAY-18,S.D.RAMALHO-C.K.WANG-G.J.KING-K.A.BYRIEL-Y.H.HUANG-V.S.BOLZANI-D.J.CRAIK,PHENIX (1.10_2142: ???),PGLLNLWG,XR,N,N,N,N,N
1E9W,1.02,ANTIBIOTIC,N,0.112,0.142,N,20.14,N,Y,A,6,0,27-OCT-00,C.S.BOND-M.P.SHAW-M.S.ALPHEY-W.N.HUNTER,SHELXL-97,IAASTT,XR,N,Y,N,N,N
1HH3,1.00,ANTIBIOTIC,N,0.116,0.148,N,6.88,N,Y,A,1,0,19-DEC-00,C.LEHMANN-J.E.DEBRECZENI-G.BUNKOCZI-M.DAUTER-Z.DAUTER-L.VERTESY-G.M.SHELDRICK,SHELXL-97,N,XR,N,N,N,N,Y
1HHU,0.89,ANTIBIOTIC,Y,0.084,0.100,N,7.35,Y,Y,A,1,0,28-DEC-00,C.LEHMANN-G.BUNKOCZI-L.VERTESY-G.M.SHELDRICK,SHELXL-97,N,XR,N,N,N,N,Y
1HHZ,0.99,ANTIBIOTIC/PEPTIDE,Y,0.108,0.140,N,27.75,N,Y,F,1,0,29-DEC-00,C.LEHMANN-G.BUNKOCZI-L.VERTESY-G.M.SHELDRICK,SHELXL-97,NNNKKK,XR,N,N,N,N,N
1HHY,0.89,ANTIBIOTIC,Y,0.122,0.139,N,15.43,N,Y,A,1,0,29-DEC-00,C.LEHMANN-G.BUNKOCZI-L.VERTESY-G.M.SHELDRICK,SHELXL-97,N,XR,N,N,N,N,Y
1HJE,0.75,TOXIN,N,0.1270,NULL,Y,90.12,Y,N,A,13,0,15-JAN-01,R.W.JANES-B.HARGITTAI-G.BARANY-E.J.MACLEAN-S.J.TEAT,SHELXL-97,ICCNPACGPKYSC,XR,N,N,N,N,N
5MAS,0.84,ANTIBIOTIC,N,0.104,0.131,N,6.99,Y,Y,A,5,0,04-NOV-16,R.GESSMANN-D.AXFORD-H.BRUCKNER-A.BERG-K.PETRATOS,SHELXL 2014/3,VVGLQ,XR,N,Y,N,N,N
2HS1,0.84,HYDROLASE,N,0.126,0.149,Y,74.75,N,Y,A,99,0,20-JUL-06,A.Y.KOVALEVSKY-F.LIU-S.LESHCHENKO-A.K.GHOSH-J.M.LOUIS-R.W.HARRISON-I.T.WEBER,SHELXL-97,PQITLWKRPLVTIKIGGQLKEALLDTGADDTIIEEMSLPGRWKPKMIGGIGGFIKVRQYDQIIIEIAGHKAIGTVLVGPTPVNIIGRNLLTQIGATLNF,XR,N,N,N,N,Y
5NVG,1.07,SIGNALING PROTEIN,N,0.131,0.167,Y,118.31,N,Y,A,74,0,04-MAY-17,M.S.ZHANG-S.F.BRUNNER-N.HUGUENIN-DEZOT-A.D.LIANG-W.H.SCHMIED-D.T.ROGERSON-J.W.CHIN,REFMAC 5.8.0158,MQIFVKTLTGKITLEVEPSDTIENVKAKIQDKEGIPPDQQRLIFAGQLEDGRTLSDYNIQKESTLHLVLRLRGG,XR,N,Y,N,N,N
2VB1,0.65,HYDROLASE,N,0.084,0.095,Y,55.21,Y,Y,A,129,0,05-SEP-07,J.WANG-M.DAUTER-R.ALKIRE-A.JOACHIMIAK-Z.DAUTER,SHELXL-97,KVFGRCELAAAMKRHGLDNYRGYSLGNWVCAAKFESNFNTQATNRNTDGSTDYGILQINSRWWCNDGRTPGSRNLCNIPCSALLSSDITASVNCAKKIVSDGNGMNAWVAWRNRCKGTDVQAWIRGCRL,XR,N,Y,N,N,N
3K34,0.90,LYASE/LYASE INHIBITOR,N,0.141,0.160,Y,66.71,N,Y,A,258,0,01-OCT-09,C.A.BEHNKE-I.LE TRONG-J.W.GODDEN-E.A.MERRITT-D.C.TELLER-J.BAJORATH-R.E.STENKAMP,SHELXL-97,HHWGYGKHNGPEHWHKDFPIAKGERQSPVDIDTHTAKYDPSLKPLSVSYDQATSLRILNNGHAFNVEFDDSQDKAVLKGGPLDGTYRLIQFHFHWGSLDGQGSEHTVDKKKYAAELHLVHWNTKYGDFGKAVQQPDGLAVLGIFLKVGSAKPGLQKVVDVLDSIKTKGKSADFTNFDPRGLLPESLDYWTYPGSLTTPPLLECVTWIVLKEPISVSSEQVLKFRKLNFNGEGEPEELMVDNWRPAQPLKNRQIKASFK,XR,N,Y,N,N,N
3W7Y,0.92,HORMONE,N,0.162,0.180,Y,32.33,N,Y,D,30,0,11-MAR-13,N.SAKABE-K.SAKABE-K.SASAKI-M.MURAYOSHI,REFMAC 5.7.0032,GIVEQCCTSICSLYQLENYCNFVNQHLCGSHLVEALYLVCGERGFFYTPKTGIVEQCCTSICSLYQLENYCNFVNQHLCGSHLVEALYLVCGERGFFYTPKT,XR,N,N,N,N,N
1F86,1.10,TRANSPORT PROTEIN,N,0.140,0.177,Y,67.15,N,Y,A,115,0,29-JUN-00,M.P.SEBASTIAO-V.LAMZIN-M.J.SARAIVA-A.M.DAMAS,SHELXL-97,CPLMVKVLDAVRGSPAINVAVHVFRKAADDTWEPFASGKTSESGELHGLTTEEEFVEGIYKVEIDTKSYWKALGISPFHEHAEVVFTANDSGPRRYTIAALLSPYSYSTMAVVTN,XR,N,N,N,N,Y
5JDT,1.00,HYDROLASE,N,0.115,0.130,Y,37.59,Y,Y,A,164,0,17-APR-16,P.CONSENTIUS-U.GOHLKE-B.LOLL-C.ALINGS-R.MULLER-U.HEINEMANN-M.KAUPP-M.WAHL-T.RISSE,PHENIX (1.10.1_2155: ???),MNIFEMLRIDEGLRLKIYKDTEGYYTIGIGHLLTKSPSLNAAKSELDKAIGRNTNGVITKDEAEKLFNQDVDAAVRGILRNAKLKPVYDSLDAVRRAALINMVFQMGETGVAGFTNSCRMLQQKRWDEAAVNLAKSRWYNQTPNRAKRVITTFRTGTWDAYKNL,XR,N,N,N,N,N
6JGJ,0.78,FLUORESCENT PROTEIN,N,0.108,0.125,Y,53.55,Y,Y,A,227,0,14-FEB-19,K.TAKABA-Y.TAI-H.EKI-H.A.DAO-Y.HANAZONO-K.HASEGAWA-K.MIKI-K.TAKEDA,SHELXL,SKGEELFTGVVPILVELDGDVNGHKFSVSGEGEGDATYGKLTLKFICTTGKLPVPWPTLVTTFVQCFSRYPDHMKRHDFFKSAMPEGYVQERTISFKDDGNYKTRAEVKFEGDTLVNRIELKGIDFKEDGNILGHKLEYNYNSHNVYITADKQKNGIKANFKIRHNIEDGSVQLADHYQQNTPIGDGPVLLPDNHYLSTQSALSKDPNEKRDHMVLLQFVTAAGITH,XR,N,Y,N,N,N
2W72,1.07,OXYGEN TRANSPORT,N,0.130,0.153,Y,32.67,N,Y,D,146,0,19-DEC-08,C.SAVINO-A.E.MIELE-F.DRAGHI-K.A.JOHNSON-G.SCIARA-M.BRUNORI-B.VALLONE,REFMAC 5.2.0019,VLSPADKTNVKAAWGKVGAHAGEYGAEAYERMFLSFPTTKTYFPHFDLSHGSAQVKGQGKKVADALTNAVAHVDDMPNALSALSDLHAHKLRVDPVNFKLLSHCLLVTLAAHLPAEFTPAVHASLDKFLASVSTVLTSKYRMHLTPEEKSAVTALWGKVNVDEVGGEAYGRLLVVYPWTQRFFESFGDLSTPDAVMGNPKVKAQGKKVLGAFSDGLAHLDNLKGTFATLSELHCDKLHVDPENFRLLGNVLVCVLAHHFGKEFTPPVQAAYQKVVAGVANALAHKYHMLSPADKTNVKAAWGKVGAHAGEYGAEAYERMFLSFPTTKTYFPHFDLSHGSAQVKGQGKKVADALTNAVAHVDDMPNALSALSDLHAHKLRVDPVNFKLLSHCLLVTLAAHLPAEFTPAVHASLDKFLASVSTVLTSKYRMHLTPEEKSAVTALWGKVNVDEVGGEAYGRLLVVYPWTQRFFESFGDLSTPDAVMGNPKVKAQGKKVLGAFSDGLAHLDNLKGTFATLSELHCDKLHVDPENFRLLGNVLVCVLAHHFGKEFTPPVQAAYQKVVAGVANALAHKYH,XR,N,Y,N,N,N
2CE2,1.00,SIGNALING PROTEIN,Y,0.145,0.163,Y,23.77,N,Y,X,166,0,02-FEB-06,B.U.KLINK-R.S.GOODY-A.J.SCHEIDIG,REFMAC 5.2.0005,MTEYKLVVVGAGGVGKSALTIQLIQNHFVDECDPTIEDSYRKQVVIDGETCLLDILDTAGQEEYSAMRDQYMRTGEGFLCVFAINNTKSFEDIHQYREQIKRVKDSDDVPMVLVGNKSDLAARTVESRQAQDLARSYGIPYIETSAKTRQGVEDAFYTLVREIRQH,XR,N,N,N,N,N
1OEW,0.90,HYDROLASE,N,0.121,0.147,Y,53.98,N,Y,A,328,0,31-MAR-03,P.T.ERSKINE-L.COATES-S.MALL-R.S.GILL-S.P.WOOD-D.A.A.MYLES-J.B.COOPER,SHELXL-97,STGSATTTPIDSLDDAYITPVQIGTPAQTLNLDFDTGSSDLWVFSSETTASEVQTIYTPSKSTTAKLLSGATWSISYGDGSSSSGDVYTDTVSVGGLTVTGQAVESAKKVSSSFTEDSTIDGLLGLAFSTLNTVSPTQQKTFFDNAKASLDSPVFTADLGYHAPGTYNFGFIDTTAYTGSITYTAVSTKQGFWEWTSTGYAVGSGTFKSTSIDGIADTGTTLLYLPATVVSAYWAQVSGAKSSSSVGGYVFPCSATLPSFTFGVGSARIVIPGDYIDFGPISTGSSSCFGGIQSSAGIGINIFGDVALKAAFVVFNGATTPTLGFASK,XR,N,Y,N,N,N
6Q4G,0.98,CELL CYCLE,Y,0.191,0.211,Y,75.92,N,Y,A,282,0,05-DEC-18,D.J.WOOD-J.D.LOPEZ-FERNANDEZ-L.E.KNIGHT-I.AL-KHAWALDEH-C.GAI-S.LIN-M.P.MARTIN-D.C.MILLER-C.CANO-J.A.ENDICOTT-I.R.HARDCASTLE-M.E.M.NOBLE-M.J.WARING,REFMAC 5.8.0238,MENFEKVEKIGEGTYGVVYKARNKLTGEVVALKKIRLDPSTAIREISLLKELNHPNIVKLLDVIHTENKLYLVFEFLHQDLKKFMDASALTGIPLPLIKSYLFQLLQGLAFCHSHRVLHRDLKPQNLLINTEGAIKLADFGLARAFGVTLWYRAPEILLGCKYYSTAVDIWSLGCIFAEMVTRRALFPGDSEIDQLFRIFRTLGTPDEVVWPGVTSMPDYKPSFPKWARQDFSKVVPPLDEDGRSLLSQMLHYDPNKRISAKAALAHPFFQDVTKPVPHLRL,XR,N,Y,N,N,N
4A7U,0.98,OXIDOREDUCTASE,Y,0.13881,0.15349,Y,41.62,N,Y,A,153,0,14-NOV-11,G.S.A.WRIGHT-S.V.ANTONYUK-N.M.KERSHAW-R.W.STRANGE-S.S.HASNAIN,REFMAC 5.6.0117,ATKAVCVLKGDGPVQGIINFEQKESNGPVKVWGSIKGLTEGLHGFHVHEFGDNTAGCTSAGPHFNPLSRKHGGPKDEERHVGDLGNVTADKDGVADVSIEDSVISLSGDHCITGRTLVVHEKADDLGKGGNEESTKTGNAGSRLACGVIGIAQ,XR,N,N,N,N,Y
2O5G,1.08,METAL BINDING PROTEIN,Y,0.144,0.165,Y,38.76,N,Y,B,147,0,05-DEC-06,K.G.VALENTINE-H.L.NG-J.K.SCHNEEWEIS-J.K.KRANZ-K.K.FREDERICK-T.ALBER-A.J.WAND,REFMAC 5.1.24,ADQLTEEQIAEFKEAFSLFDKDGDGTITTKELGTVMRSLGQNPTEAELQDMINEVDADGNGTIDFPEFLTMMARKMKDTDSEEEIREAFRVFDKDGNGYISAAELRHVMTNLGEKLTDEEVDEMIREADIDGDGQVNYEEFVQMMTAARRKWQKTGHAVRAIGRLS,XR,N,N,N,N,N
5YCE,0.77,OXYGEN STORAGE,N,0.145,0.162,Y,28.05,N,Y,A,151,0,07-SEP-17,Y.ISOGAI-H.IMAMURA-S.NAKAE-T.SUMI-K.I.TAKAHASHI-T.NAKAGAWA-A.TSUNESHIGE-T.SHIRAI,PHENIX 1.11.1_2575,VLSEGEWQLVLHVWAKVEADVAGHGQDILIRLFKSHPETLEKFDRFKHLKTEAEMKASEDLKKHGVTVLTALGAILKKKGHHEAELKPLAQSHATKHKIPIKYLEFISEAIIHVLHSRHPGDFGADAQGAMNKALELFRKDIAAKYKELGY,XR,N,Y,N,N,N
6B8F,1.06,OXIDOREDUCTASE,N,0.092,0.103,Y,27.8,Y,Y,A,172,0,07-OCT-17,L.ZHANG-J.B.BAILEY-R.H.SUBRAMANIAN-F.A.TEZCAN,PHENIX 1.12_2829,TSQVRQNYHQDSEAAINRQINLELYASYVYLSMSYYFDRDDVALKNFAKYFLHQSHEEREHAEKLMKLQNQRGGRIFLQDIQKPDEDDWESGLNAMEAALHLEKNVNQSLLELHKLATDKNDPHLADFIETHYLNEQVKAIKELGDHVTNLRKMGAPESGLAEYLFDKHTLG,XR,N,Y,N,N,N
5ELB,1.08,TOXIN,Y,0.122,0.155,Y,60.12,N,Y,A,103,0,04-NOV-15,J.E.HEGGELUND-D.BURSCHOWSKY-V.A.BJRNESTAD-V.HODNIK-G.ANDERLUH-U.KRENGEL,REFMAC 5.8.0135,TPQNITDLCAEYHNTQIHTLNDKIFSYTESLAGKREMAIITFKNGATFQVEVPGSQHIDSQKKAIERMKDTLRIAYLTEAKVEKLCVWNNKTPHAIAAISMAN,XR,N,Y,N,N,Y
6ETL,0.85,HYDROLASE,N,0.103,0.122,Y,113.02,Y,Y,A,124,0,27-OCT-17,A.VERGARA-M.CATERINO-A.MERLINO,SHELXL,KETAAAKFERQHMDSSTSAASSSNYCNQMMKSRNLTKDRCKPVNTFVHESLADVQAVCSQKNVACKNGQTNCYQSYSTMSITDCRETGSSKYPNCAYKTTQANKHIIVACEGNPYVPVHFDASV,XR,N,Y,N,N,N
2F01,0.85,BIOTIN BINDING PROTEIN,Y,0.155,0.174,Y,79.2,N,Y,B,121,0,10-NOV-05,I.LE TRONG-D.G.AUBERT-N.R.THOMAS-R.E.STENKAMP,SHELXL-97,EAGITGTWYNQLGSTFIVTAGADGALTGTYESAVGNAESRYVLTGRYDSAPATDGSGTALGWTVAWKNNYRNAHSATTWSGQYVGGAEARINTQWLLTSGTTEANAWKSTLVGHDTFTKVKGITGTWYNQLGSTFIVTAGADGALTGTYESAVGNAESRYVLTGRYDSAPATDGSGTALGWTVAWKNNYRNAHSATTWSGQYVGGAEARINTQWLLTSGTTEANAWKSTLVGHDTFTKVKP,XR,N,Y,N,N,N
4QB3,0.94,TRANSCRIPTION/TRANSCRIPTION INHIBITOR,Y,0.137,0.155,Y,48.58,N,Y,A,127,0,06-MAY-14,M.GACIAS-G.GERONA-NAVARRO-A.N.PLOTNIKOV-G.ZHANG-L.ZENG-J.KAUR-G.MOY-E.RUSINOVA-Y.RODRIGUEZ-B.MATIKAINEN-A.VINCEK-J.JOSHUA-P.CASACCIA-M.M.ZHOU,REFMAC 5.5.0102,SMNPPPPETSNPNKPKRQTNQLQYLLRVVLKTLWKHQFAWPFQQPVDAVKLNLPDYYKIIKTPMDMGTIKKRLENNYYWNAQECIQDFNTMFTNCYIYNKPGDDIVLMAEALEKLFLQKINELPTEE,XR,N,N,N,N,N
3FSA,0.98,METAL BINDING PROTEIN,N,0.121,0.135,Y,26.09,N,Y,A,122,0,09-JAN-09,K.SATO-C.LI-I.SALARD-A.J.THOMPSON-M.J.BANFIELD-C.DENNISON,REFMAC 5.2.0019,AECSVDIQGNDQMQFNTNAITVDKSCKQFTVNLSHPGNLPKNVMGHNWVLSTAADMQGVVTDGMASGLDKDYLKPDDSRVIAHTKLIGSGEKDSVTFDVSKLEQYMFFCAAHAAMKGTLTLK,XR,N,Y,N,N,N
2X9G,1.10,OXIDOREDUCTASE,Y,0.121,0.147,Y,82.46,Y,Y,D,252,0,18-MAR-10,A.DAWSON-L.B.TULLOCH-K.L.BARRACK-W.N.HUNTER,SHELXL-97,EAPAAVVTGAAKRIGRAIAVKLHQTGYRVVIHYHNSAEAAVSLADELNKERSNTAVVCQADLTNSNVLPASCEEIINSCFRAFGRCDVLVNNASAFYPTPLVQGKTVETQVAELIGTNAIAPFLLTMSFAQRQSSNLSIVNLCDAMVDQPCMAFSLYNMGKHALVGLTQSAALELAPYGIRVNGVAPGVSLLPVAMGEEEKDKWRRKVPLGRREASAEQIADAVIFLVSGSAQYITGSIIKVDGGLSLVHAEAPAAVVTGAAKRIGRAIAVKLHQTGYRVVIHYHNSAEAAVSLADELNKERSNTAVVCQADLTNSNVLPASCEEIINSCFRAFGRCDVLVNNASAFYPTPLVKTVETQVAELIGTNAIAPFLLTMSFAQRQKSSNLSIVNLCDAMVDQPCMAFSLYNMGKHALVGLTQSAALELAPYGIRVNGVAPGVSLLPVAMGEEEKDKWRRKVPLGRREASAEQIADAVIFLVSGSAQYITGSIIKVDGGLSLVHAEAPAAVVTGAAKRIGRAIAVKLHQTGYRVVIHYHNSAEAAVSLADELNKERSNTAVVCQADLTNSNVLPASCEEIINSCFRAFGRCDVLVNNASAFYPTPLVQGKTVETQVAELIGTNAIAPFLLTMSFAQRQKGSNLSIVNLCDAMVDQPCMAFSLYNMGKHALVGLTQSAALELAPYGIRVNGVAPGVSLLPVAMGEEEKDKWRRKVPLGRREASAEQIADAVIFLVSGSAQYITGSIIKVDGGLSLVHAEAPAAVVTGAAKRIGRAIAVKLHQTGYRVVIHYHNSAEAAVSLADELNKERSNTAVVCQADLTNSNVLPASCEEIINSCFRAFGRCDVLVNNASAFYPTPLVQKTVETQVAELIGTNAIAPFLLTMSFAQRQSNLSIVNLCDAMVDQPCMAFSLYNMGKHALVGLTQSAALELAPYGIRVNGVAPGVSLLPVAMGEEEKDKWRRKVPLGRREASAEQIADAVIFLVSGSAQYITGSIIKVDGGLSLVHA,XR,N,Y,N,N,N
3E2O,1.06,OXIDOREDUCTASE,N,0.171,0.199,Y,92.7,N,Y,A,290,0,05-AUG-08,Y.T.MEHARENNA-P.OERTEL-B.BHASKAR-T.L.POULOS,SHELXL-97,LVHVASVEKGRSYEDFQKVYNAIALKLREDDEYDNYIGYGPVLVRLAWHTSGTWDKHDNTGGSYGGTYRFKKEFNDPSNAGLQNGFKFLEPIHKEFPWISSGDLFSLGGVTAVQEMQGPKIPWRCGRVDTPEDTTPDNGRLPDADKDADYVRTFFQRLNMNDREVVALMGAHALGKTHLKRSGYEGPWGAANNVFTNEFYLNLLNEDWKLEKNDANNEQWDSKSGYMMLPTYSLIQDPKYLSIVKEYANDQDKFFKDFSKAFEKLLENGITFPKDAPSPFIFKTLEEQGL,XR,N,N,N,N,N
1NLS,0.94,AGGLUTININ,N,0.127,0.154,Y,123.03,N,Y,A,237,0,28-JAN-97,A.DEACON-T.GLEICHMANN-A.J.KALB(GILBOA)-H.PRICE-J.RAFTERY-G.BRADBROOK-J.YARIV-J.R.HELLIWELL,SHELXL-97,ADTIVAVELDTYPNTDIGDPSYPHIGIDIKSVRSKKTAKWNMQNGKVGTAHIIYNSVDKRLSAVVSYPNADSATVSYDVDLDNVLPEWVRVGLSASTGLYKETNTILSWSFTSKLKSNSTHETNALHFMFNQFSKDQKDLILQGDATTGTDGNLELTRVSSNGSPQGSSVGRALFYAPVHIWESSAVVASFEATFTFLIKSPDSHPADGIAFFISNIDSSIPSGSTGRLLGLFPDAN,XR,N,N,N,N,N
3WAR,1.04,TRANSFERASE,N,0.145,0.168,Y,59.89,N,Y,A,334,0,07-MAY-13,T.KINOSHITA-T.NAKANIWA-Y.SEKIGUCHI-Y.SOGABE-A.SAKURAI-S.NAKAMURA-I.NAKANISHI,REFMAC 5.5.0102,SGPVPSRARVYTDVNTHRPREYWDYESHVVEWGNQDDYQLVRKLGRGKYSEVFEAINITNNEKVVVKILKPVKKKKIKREIKILENLRGGPNIITLADIVKDPVSRTPALVFEHVNNTDFKQLYQTLTDYDIRFYMYEILKALDYCHSMGIMHRDVKPHNVMIDHEHRKLRLIDWGLAEFYHPGQEYNVRVASRYFKGPELLVDYQMYDYSLDMWSLGCMLASMIFRKEPFFHGHDNYDQLVRIAKVLGTEDLYDYIDKYNIELDPRFNDILGRHSRKRWERFVHSENQHLVSPEALDFLDKLLRYDHQSRLTAREAMEHPYFYTVVKDQARMG,XR,N,N,N,N,N
3W07,1.03,LYASE,N,0.118,0.139,Y,77.23,Y,Y,A,215,0,22-OCT-12,M.FUJIHASHI-K.MITO-E.F.PAI-K.MIKI,SHELXL-97,VMNRLILAMDLMNRDDALRVTGEVREYIDTVKIGYPLVLSEGMDIIAEFRKRFGCRIIADFKVADIPETNEKICRATFKAGADAIIVHGFPGADSVRACLNVAEEMGREVFLLTEMSHPGAEMFIQGAADEIARMGVDLGVKNYVGPSTRPERLSRLREIIGQDSFLISPGVGAQGGDPGETLRFADAIIVGRSIYLADNPAAAAAGIIESIKDL,XR,N,Y,N,N,N
2NWD,1.04,HYDROLASE,N,0.134,0.152,Y,26.86,Y,Y,X,130,0,14-NOV-06,T.DUREK-V.Y.TORBEEV-S.B.KENT,REFMAC 5.2.0019,KVFERCELARTLKRLGMDGYRGISLANWMCLAKWESGYNTRATNYNAGDRSTDYGIFQINSRYWCNDGKTPGAVNACHLSCSALLQDNIADAVACAKRVVRDPQGIRAWVAWRNRCQNRDVRQYVQGCGV,XR,N,N,N,N,N
6DYF,1.10,METAL BINDING PROTEIN,N,0.147,0.165,Y,40.64,Y,Y,B,106,0,01-JUL-18,J.RITTLE-M.J.FIELD-M.T.GREEN-F.A.TEZCAN,PHENIX (1.12_2829: ???),ADLEDNMETLNDNLKVIEADNAAQVKDALTKMRAAALDAQKATPPKLEDKSPDSPEMWDFRHGFDHLVYHIDDALKLANEGKVKEAQAAAEQLKCHCNACHQKYRADLEDNMETLNDNLKVIEKADNAAQVKDALTKMRAAALDAQKATPPKLEDKSPDSPEMWDFRHGFDHLVYHIDDALKLANEGKVKEAQAAAEQLKCHCNACHQKYR,XR,N,Y,N,N,N
4CVR,1.10,OXIDOREDUCTASE,N,0.13534,0.16544,Y,74.93,N,Y,A,156,0,29-MAR-14,K.HINGORANI-R.PACE-S.WHITNEY-J.W.MURRAY-P.SMITH-M.H.CHEAH-T.WYDRZYNSKI-W.HILLIER,REFMAC 5.8.0049,MKGDTKVINYLNKLLGNELVAINQFFLHARMFKNWGLKRLNDVEYRESIDEMKHADRYIERILFLEGLPNLQDLGKLNIGEDVEEMLRSDLALELDGAKNLREAIGYADSVRDYVSRDMMIEILRDEEGHIDWLETELDLIQKMGLQNYLQAQIRE,XR,N,N,N,N,N
2FFY,1.07,HYDROLASE,Y,0.133,0.164,Y,76.48,Y,Y,A,358,0,20-DEC-05,Y.CHEN-G.MINASOV-T.A.ROTH-F.PRATI-B.K.SHOICHET,SHELXL-97,APQQINDIVHRTITPLIEQQKIPGMAVAVIYQGKPYYFTWGYADIAKKQPVTQQTLFELGSVSKTFTGVLGGDAIARGEIKLSDPTTKYWPELTAKQWNGITLLHLATYTAGGLPLQVPDEVKSSSDLLRFYQNWQPAWAPGTQRLYANSSIGLFGALAVKPSGLSFEQAMQTRVFQPLKLNHTWINVPPAEEKNYAWGYREGKAVHVSPGALDAEAYGVKSTIEDMARWVQSNLKPLDINEKTLQQGIQLAQSRYWQTGDMYQGLGWEMLDWPVNPDSIINGSDAKIALAARPVKAITPPTPAVRASWVHKTGATGGFGSYVAFIPEKELGIVMLANKNYPNPARVDAAWQILNALQ,XR,N,Y,N,N,Y
1RG8,1.10,HORMONE/GROWTH FACTOR,N,0.147,0.171,Y,60.85,N,Y,A,137,0,11-NOV-03,M.J.BERNETT-T.SOMASUNDARAM-M.BLABER,SHELXL-97,FNLPPGNYKKPKLLYCSNGGHFLRILPDGTVDGTRDRSDQHIQLQLSAESVGEVYIKSTETGQYLAMDTDGLLYGSQTPNEECLFLERLEENHYNTYISKKHAEKNWFVGLKKNGSCKRGPRTHYGQKAILFLPLPV,XR,N,N,N,N,Y
4CE8,0.90,SUGAR BINDING PROTEIN,Y,0.126,0.141,Y,243.18,N,Y,D,114,0,10-NOV-13,M.G.CUYPERS-E.MOSSOU-E.P.MITCHELL-S.RUSSI-M.POKORNA-M.WIMMEROVA-A.IMBERTY-S.MCSWEENEY-M.HAERTLEIN-V.T.FORSYTH,PHENIX (PHENIX.REFINE),ATQGVFTLPANTRFGVTAFANSSGTQTVNVLVNNETAATFSGQSTNNAVIGTQVLNSGSSGKVQVQVSVNGRPSDLVSAQVILTNELNFALVGSEDGTDNDYNDAVVVINWPLGATQGVFTLPANTRFGVTAFANSSGTQTVNVLVNNETAATFSGQSTNNAVIGTQVLNSGSSGKVQVQVSVNGRPSDLVSAQVILTNELNFALVGSEDGTDNDYNDAVVVINWPLGATQGVFTLPANTRFGVTAFANSSGTQTVNVLVNNETAATFSGQSTNNAVIGTQVLNSGSSGKVQVQVSVNGRPSDLVSAQVILTNLNFALVGSEDGTDNDYNDAVVVINWPLGATQGVFTLPANTRFGVTAFANSSGTQTVNVLVNNETAATFSGQSTNNAVIGTQVLNSGSSGKVQVQVSVNGRPSDLVSAQVILTNELNFALVGSEDGTDNDYNDAVVVINWPLG,XR,N,Y,N,N,N
5J93,1.10,OXIDOREDUCTASE,N,0.130,0.143,Y,28.82,N,Y,A,171,0,08-APR-16,C.BERNACCHIONI-C.POZZI-F.DI PISA-S.MANGANI-P.TURANO,REFMAC 5.8.0135,VSQVRQNYHSDCEAAVNRMLNLELYASYTYSSMYAFFDRDDVALHNVAEFFKEHSHAEREHAEKFMKYQNKRGGRVVLQDIKKPERDEWGNTLEAMQAALQLEKTVNQALLDLHKLATDKVDPHLCDFLESEYLEAQVKAIKRIGDFITNLKRLGLPENGMGEYLFDKHSV,XR,N,N,N,N,N
1G6X,0.86,HYDROLASE INHIBITOR,N,0.107,0.140,Y,43.62,N,Y,A,58,0,08-NOV-00,A.ADDLAGATTA-S.KRZYWDA-H.CZAPINSKA-J.OTLEWSKI-M.JASKOLSKI,SHELXL-97,RPDFCLEPPYAGACRARIIRYFYNAKAGLCQTFVYGGCRAKRNNFKSAEDCLRTCGGA,XR,N,N,N,N,N
5P9V,1.04,TRANSFERASE,Y,0.134,0.162,Y,58.5,N,Y,A,213,0,19-OCT-16,C.LERNER-R.JAKOB-ROETNE-K.GROEBKE-ZBINDEN-B.BUETTELMANN-M.G.RUDOLPH,REFMAC 5.6.0081,DTKEQRILRYVQQNAKPGDPQSVLEAIDTYCTQKEWAMNVGDAKGQIMDAVIREYSPSLVLELGAYCGYSAVRMARLLQPGARLLTMEINPDCAAITQQMLNFAGLQDKVTILNGASQDLIPQLKKKYDVDTLDMVFLDHWKDRYLPDTLLLEKCGLLRKGTVLLADNVIVPGTPDFLAYVRGSSSFECTHYSSYLEYMKVVDGLEKAIYQGP,XR,N,N,N,N,N
2OB3,1.04,HYDROLASE,N,0.105,0.127,Y,72.23,N,Y,A,329,0,18-DEC-06,J.KIM-U.A.RAMAGOPAL-P.TSAI-F.M.RAUSHEL-S.C.ALMO,SHELX,DRINTVRGPITISEAGFTLTHEHICGSSAGFLRAWPEFFGSRKALAEKAVRGLRRARAAGVRTIVDVSTFDIGRDVSLLAEVSRAADVHIVAATGLWFDPPLSMRLRSVEELTQFFLREIQYGIEDTGIRAGIIVATTGKATPFQELVLKAAARASLATGVPVTTHTAASQRDGEQQAAIFESEGLSPSRVCIGHSDDTDDLSYLTALAARGYLIGLDHIPYSAIGLEDNASASALLGIRSWQTRALLIKALIDQGYMKQILVSNDWTFGFSSYVTNIMDVMDRVNPDGMAFIPLRVIPFLREKGVPQETLAGITVTNPARFLSPTLRA,XR,N,Y,N,N,Y
6GX2,1.07,TRANSFERASE,Y,0.113,0.134,Y,56.61,N,Y,A,297,0,26-JUN-18,J.ROCHA-G.O.BATOT-M.M.PALCIC-C.BRETON-A.ROYANT,REFMAC 5.8.0230,AIGEFMVSLPRMVYPQPKVLTPCRKDVLVVTPWLAPIVWEGTFNIDILNEQFRLQNTTIGLTVFAIKKYVAFLKLFLETAEKHFMVGHRVHYYVFTDQPAAVPRVTLGTGRQLSVLEVRAYKRWQDVSMRRMEMISDFCERRFLSEVDYLVCVDVDMEFRDHVGVEILTPLFGTLHPGFYGSSREAFTYERRPQSQAYIPKDEGDFYYGGAFFGGSVQEVQRLTRACHQAMMVDQANGIEAVWHDESHLNKYLLRHKPTKVLSPEYLWDQQLLGWPAVLRKLRFTAVPKNHQAVRNP,XR,N,N,N,N,N
6E1Z,1.10,GENE REGULATION/INHIBITOR,N,0.143,0.163,Y,60.74,Y,Y,B,307,0,10-JUL-18,E.R.AHO-J.WANG-R.D.GOGLIOTTI-G.C.HOWARD-J.PHAN-P.ACHARYA-J.D.MACDONALD-K.CHENG-S.L.LOREY-B.LU-S.WENZEL-A.M.FOSHAGE-J.ALVARADO-F.WANG-J.G.SHAW-B.ZHAO-A.M.WEISSMILLER-L.R.THOMAS-C.R.VAKOC-M.D.HALL-S.W.HIEBERT-Q.LIU-S.R.STAUFFER-S.W.FESIK-W.P.TANSEY,PHENIX (DEV_3139: ???),PTPVKPNYALKFTLAGHTKAVSSVKFSPNGEWLASSSADKLIKIWGAYDGKFEKTISGHKLGISDVAWSSDSNLLVSASDDKTLKIWDVSSGKCLKTLKGHSNYVFCCNFNPQSNLIVSGSFDESVRIWDVKTGKCLKTLPAHSDPVSAVHFNRDGSLIVSSSYDGLCRIWDTASGQCLKTLIDDDNPPVSFVKFSPNGKYILAATLDNTLKLWDYSKGKCLKTYTGHKNEKYCIFANFSVTGGKWIVSGSEDNLVYIWNLQTKEIVQKLQGHTDVVISTACHPTENIIASAALENDKTIKLWKSDCPVKPNYALKFTLAGHTKAVSSVKFSPNGEWLASSSADKLIKIWGAYDGKFEKTISGHKLGISDVAWSSDSNLLVSASDDKTLKIWDVSSGKCLKTLKGHSNYVFCCNFNPQSNLIVSGSFDESVRIWDVKTGKCLKTLPAHSDPVSAVHFNRDGSLIVSSSYDGLCRIWDTASGQCLKTLIDDDNPPVSFVKFSPNGKYILAATLDNTLKLWDYSKGKCLKTYTGHKNEKYCIFANFSVTGGKWIVSGSEDNLVYIWNLQTKEIVQKLQGHTDVVISTACHPTENIIASAALENDKTIKLWKSDC,XR,N,N,N,N,N
3WA2,1.08,OXIDOREDUCTASE,N,0.131,0.150,Y,212.76,Y,Y,X,620,0,22-APR-13,T.MURAKAWA-H.HAYASHI-T.SUNAMI-K.KURIHARA-T.TAMADA-R.KUROKI-M.SUZUKI-K.TANIZAWA-T.OKAJIMA,PHENIX 1.8.2_1309,ASPFRLASAGEISEVQGILRTAGLLGPEKRIAYLGVLDPARGAGSEAEDRRFRVFIHDVSGARPQEVTVSVTNGTVISAVELDTAATGELPVLEEEFEVVEQLLATDERWLKALAARNLDVSKVRVAPLSAGVFEYAEERGRRILRGLAFVQDFPEDSAWAHPVDGLVAYVDVVSKEVTRVIDTGVFPVPAEHGNYTDPELTGPLRTTQKPISITQPEGPSFTVTGGNHIEWEKWSLDVGFDVREGVVLHNIAFRDGDRLRPIINRASIAEMVVPYGDPSPIRSWQNYFDTGEYLVGQYANSLELGCDCLGDITYLSPVISDAFGNPREIRNGICMHEEDWGILAKHSDLWSGINYTRRNRRMVISFFTTIGNDYGFYWYLYLDGTIEFEAKATGVVFTSAFPEGGSDNISQLAPGLGAPFHQHIFSARLDMAIDGFTNRVEEEDVVRQTMGPGNERGNAFSRKRTVLTRESEAVREADARTGRTWIISNPESKNRLNEPVGYKLHAHNQPTLLADPGSSIARRAAFATKDLWVTRYADDERYPTGDFVNQHSGGAGLPSYIAQDRDIDGQDIVVWHTFGLTHFPRVEDWPIMPVDTVGFKLRPEGFFDRSPVLDVPANP,XR,N,Y,N,N,N
1M40,0.85,HYDROLASE,N,0.091,0.112,Y,54.33,Y,Y,A,263,0,01-JUL-02,G.MINASOV-X.WANG-B.K.SHOICHET,SHELXL-97,HPETLVKVKDAEDQLGARVGYIELDLNSGKILESFRPEERFPMMSTFKVLLCGAVLSRVDAGQEQLGRRIHYSQNDLVEYSPVTEKHLTDGMTVRELCSAAITMSDNTAANLLLTTIGGPKELTAFLHNMGDHVTRLDRWEPELNEAIPNDERDTTTPAAMATTLRKLLTGELLTLASRQQLIDWMEADKVAGPLLRSALPAGWFIADKSGAGERGSRGIIAALGPDGKPSRIVVIYTTGSQATMDERNRQIAEIGASLIKHW,XR,N,Y,N,N,N
4PSS,0.85,OXIDOREDUCTASE,N,0.154,0.169,Y,19.9,Y,Y,A,116,0,07-MAR-14,D.A.KEEDY-H.VAN DEN BEDEM-D.A.SIVAK-G.A.PETSKO-D.RINGE-M.A.WILSON-J.S.FRASER,PHENIX (PHENIX.REFINE: 1.8.4_1496),MISAAVDRVIGMENAMPWNLPADLAWFKLNKPVIMGRHTWESIGRPGKNIILSGEAIAACGEIMVIGGGRVYEQLTHIGDTHFPDYEPDDWESVFSEFHDADAQNSHSYFEILERR,XR,N,Y,N,N,N
1US0,0.66,OXIDOREDUCTASE,Y,0.094,0.103,Y,56.34,N,Y,A,313,0,16-NOV-03,E.I.HOWARD-R.SANISHVILI-R.E.CACHAU-A.MITSCHLER-B.CHEVRIER-P.BARTH-V.LAMOUR-M.VAN ZANDT-E.SIBLEY-C.BON-D.MORAS-T.R.SCHNEIDER-A.JOACHIMIAK-A.PODJARNY,SHELXL-97,ASRILLNNGAKMPILGLGTWKSPPGQVTEAVKVAIDVGYRHIDCAHVYQNENEVGVAIQEKLREQVVKREELFIVSKLWCTYHEKGLVKGACQKTLSDLKLDYLDLYLIHWPTGFKPGKEFFPLDESGNVVPSDTNILDTWAAMEELVDEGLVKAIGISNFNHLQVEMILNKPGLKYKPAVNQIECHPYLTQEKLIQYCQSKGIVVTAYSPLGSPDRPWAKPEDPSLLEDPRIKAIAAKHNKTTAQVLIRFPMQRNLVVIPKSVTPERIAENFKVFDFELSSQDMTTLLSYNRNWRVCALLSCTSHKDYPFHE,XR,N,Y,N,N,N
4RJ2,0.99,TRANSFERASE,N,0.176,0.189,Y,60.57,N,Y,A,237,0,08-OCT-14,V.I.TIMOFEEV-Y.A.ABRAMCHIK-R.S.ESIPOV-I.P.KURANOVA,REFMAC 5.7.0029,ATPHINAEMGDFADVVLMPGDPLRAKYIAETFLEDAREVNNVRGMLGFTGTYKGRKISVMGHGMGIPSCSIYTKELITDFGVKKIIRVGSCGAVLPHVKLRDVVIGMGACTDSKVNRIRFKDHDFAAIADFDMVRNAVDAAKALGIDARVGNLFSADLFYSPDGEMFDVMEKYGILGVEMEAAGIYGVAAEFGAKALTICTVSDHIRTHEQTTAAERQTTFNDMIKIALESVLLGDK,XR,N,N,N,N,Y
4PNO,0.97,RNA BINDING PROTEIN,Y,0.144,0.164,Y,119.89,Y,Y,A,64,0,24-MAY-14,E.C.SCHULZ-O.BARABAS,PHENIX (PHENIX.REFINE: 1.8.4_1496),SLQDPFLNALRRERVPVSIYLVNGIKLQGQIESFDQFVILLKTVSQMVYKHAISTVVPSRPVSH,XR,N,Y,N,N,N
2JHF,1.00,OXIDOREDUCTASE,N,0.125,0.152,Y,48.92,N,Y,A,374,0,22-FEB-07,R.MEIJERS-H.W.ADOLPH-Z.DAUTER-K.S.WILSON-V.S.LAMZIN-E.S.CEDERGREN-ZEPPEZAUER,REFMAC 5.2.0005,STAGKVIKCKAAVLWEEKKPFSIEEVEVAPPKAHEVRIKMVATGICRSDDHVVSGTLVTPLPVIAGHEAAGIVESIGEGVTTVRPGDKVIPLFTPQCGKCRVCKHPEGNFCLKNDLSMPRGTMQDGTSRFTCRGKPIHHFLGTSTFSQYTVVDEISVAKIDAASPLEKVCLIGCGFSTGYGSAVKVAKVTQGSTCAVFGLGGVGLSVIMGCKAAGAARIIGVDINKDKFAKAKEVGATECVNPQDYKKPIQEVLTEMSNGGVDFSFEVIGRLDTMVTALSCCQEAYGVSVIVGVPPDSQNLSMNPMLLLSGRTWKGAIFGGFKSKDSVPKLVADFMAKKFALDPLITHVLPFEKINEGFDLLRSGESIRTILTF,XR,N,N,N,N,Y
3G46,0.91,OXYGEN BINDING,N,0.129,0.156,Y,89.03,N,Y,A,146,0,03-FEB-09,J.E.KNAPP-R.PAHL-J.COHEN-J.C.NICHOLS-K.SCHULTEN-Q.H.GIBSON-V.SRAJER-W.E.ROYER,SHELXL-97,PSVYDAAAQLTADVKKDLRDSWKVIGSDKKGNGVALMTTLFADNQETIGYFKRLGDVSQGMANDKLRGHSITLMYALQNFIDQLDNPDDLVCVVEKFAVNHITRKISAAEFGKINGPIKKVLASKNFGDKYANAWAKLVAVVQAAL,XR,N,N,N,N,Y
1MUW,0.86,ISOMERASE,N,0.126,0.143,Y,87.59,Y,Y,A,386,0,24-SEP-02,T.D.FENN-D.RINGE-G.A.PETSKO,SHELXL-97,SYQPTPEDRFTFGLWTVGWQGRDPFGDATRPALDPVETVQRLAELGAHGVTFHDDDLIPFGSSDTERESHIKRFRQALDATGMTVPMATTNLFTHPVFKDGGFTANDRDVRRYALRKTIRNIDLAVELGAKTYVAWGGREGAESGAAKDVRVALDRMKEAFDLLGEYVTSQGYDIRFAIEPKPNEPRGDILLPTVGHALAFIERLERPELYGVNPEVGHEQMAGLNFPHGIAQALWAGKLFHIDLNGQSGIKYDQDLRFGAGDLRAAFWLVDLLESAGYEGPRHFDFKPPRTEDIDGVWASAAGCMRNYLILKERAAAFRADPEVQEALRASRLDELAQPTAADGVQELLADRTAFEDFDVDAAAARGMAFERLDQLAMDHLLGAR,XR,N,Y,N,N,N
4UA6,0.79,HYDROLASE,N,0.110,0.115,Y,69.32,Y,Y,B,262,0,08-AUG-14,D.A.NICHOLS-J.C.HARGIS-R.SANISHVILI-P.JAISHANKAR-K.DEFREES-E.W.SMITH-K.K.WANG-F.PRATI-A.R.RENSLO-H.L.WOODCOCK-Y.CHEN,SHELXL,TSAVQQKLAALEKSSGGRLGVALIDTADNTQVLYRGDERFPMCSTSKVMAAAAVLKQSETQKQLLNQPVEIKPADLVNYNPIAEKHVNGTMTLAELSAAALQYSDNTAMNKLIAQLGGPGGVTAFARAIGDETFRLDRTEPTLNTAIPGDPRDTTTPRAMAQTLRQLTLGHALGETQRAQLVTWLKGNTTGAASIRAGLPTSWTVGDKTGSGDYGTTNDIAVIWPQGRAPLVLVTYFTQPQQNAESRRDVLASAARIIAEGLAVQQKLAALEKSSGGRLGVALIDTADNTQVLYRGDERFPMCSTSKVMAAAAVLKQSETQKQLLNQPVEIKPADLVNYNPIAEKHVNGTMTLAELSAAALQYSDNTAMNKLIAQLGGPGGVTAFARAIGDETFRLDRTEPTLNTAIPGDPRDTTTPRAMAQTLRQLTLGHALGETQRAQLVTWLKGNTTGAASIRAGLPTSWTVGDKTGSGDYGTTNDIAVIWPQGRAPLVLVTYFTQPQQNAESRRDVLASAARIIAEGL,XR,N,Y,N,N,N
5X9L,0.90,PLANT PROTEIN,N,0.117,0.129,Y,99.04,Y,Y,A,207,0,08-MAR-17,T.MASUDA-K.OKUBO-K.MURATA-B.MIKAMI-M.SUGAHARA-M.SUZUKI-P.A.TEMUSSI-F.TANI,SHELXL-97,ATFEIVNRCSYTVWAAASKGDAALDAGGRQLNSGESWTINVEPGTNGGKIWARTDCYFDDSGSGICKTGDCGGLLRCKRFGRPPTTLAEFSLNQYGKDYIDISNIKGFNVPMDFSPTTRGCRGVRCAADIVGQCPAKLKAPGGGCNDACTVFQTSEYCCTTGKCGPTEYSRFFKRLCPDAFSYVLDKPTTVTCPGSSNYRVTFCPTA,XR,N,Y,N,N,N
6S1H,1.05,TRANSFERASE,N,0.141,0.155,Y,81.44,Y,Y,A,339,0,18-JUN-19,F.J.SORRELL-S.H.HENDERSON-J.M.ELKINS-S.WARD,PHENIX,VYNDGYDDDNYDYIVKNGEKWMDRYEIDSLIGKGSFGQVVKAYDRVEQEWVAIKIIKNKKAFLNQAQIEVRLLELMNKHDTEMKYYIVHLKRHFMFRNHLCLVFEMLSYNLYDLLRNTNFRGVSLNLTRKFAQQMCTALLFLATPELSIIHCDLKPENILLCNPKRSAIKIVDFGSSCQLGQRIYQIQSRFYRSPEVLLGMPYDLAIDMWSLGCILVEMHTGEPLFSGANEVDQMNKIVEVLGIPPAHILDQAPKARKFFEKLPDGTWNLKKEYKPPGTRKLHNILGVETGGPGGRRAGESGHTVADYLKFKDLILRMLDYDPKTRIQPYYALQHSFFK,XR,N,Y,N,N,N
5BT3,1.05,TRANSCRIPTION,Y,0.166,0.178,Y,23.83,N,Y,A,114,0,02-JUN-15,C.TALLANT-D.HAY-T.KROJER-G.NUNEZ-ALONSO-S.PICAUD-J.A.NEWMAN-O.FEDOROV-F.VON DELFT-C.H.ARROWSMITH-A.M.EDWARDS-C.BOUNTRA-P.E.BRENNAN-S.KNAPP,REFMAC 5.8.0073,IFKPEELRQALMPTLEALYRQDPESLPFRQPVDPQLLGIPDYFDIVKSPMDLSTIKRKLDTGQYQEPWQYVDDIWLMFNNAWLYNRKTSRVYKYCSKLSEVFEQEIDPVMQSLG,XR,N,N,N,N,N
1Y93,1.03,HYDROLASE,Y,0.157,0.168,Y,39.4,Y,Y,A,158,0,14-DEC-04,I.BERTINI-V.CALDERONE-M.COSENZA-M.FRAGAI-Y.-M.LEE-C.LUCHINAT-S.MANGANI-B.TERNI-P.TURANO,REFMAC 5.2.0003,GPVWRKHYITYRINNYTPDMNREDVDYAIRKAFQVWSNVTPLKFSKINTGMADILVVFARGAHGDDHAFDGKGGILAHAFGPGSGIGGDAHFDEDEFWTTHSGGTNLFLTAVHEIGHSLGLGHSSDPKAVMFPTYKYVDINTFRLSADDIRGIQSLYG,XR,N,N,N,N,N
4N0K,1.05,ELECTRON TRANSPORT,Y,0.158,0.180,Y,28.32,N,Y,A,103,0,02-OCT-13,R.E.MCGOVERN-A.A.MCCARTHY-P.B.CROWLEY,REFMAC 5.7.0029,GSAKKGATLFKTECLQCHTVEKGGPHKVGPNLHGIFGRHSGQAEGYSYTDANIKKNVLWDENNMSEYLTNPKKYIPGTKMAFGGLKKEKDRNDLITYLKKATE,XR,N,N,N,N,Y
1JBE,1.08,SIGNALING PROTEIN,N,0.113,0.152,Y,61.93,N,Y,A,126,0,04-JUN-01,M.SIMONOVIC-K.VOLZ,SHELXL-97,ADKELKFLVVDDFSTMRRIVRNLLKELGFNNVEEAEDGVDALNKLQAGGYGFVISDWNMPNMDGLELLKTIRAAMSALPVLMVTAEAKKENIIAAAQAGASGYVVKPFTAATLEEKLNKIFEKLGM,XR,N,Y,N,N,N
4HUA,1.10,OXIDOREDUCTASE,N,0.160,0.172,Y,31.83,N,Y,A,107,0,02-NOV-12,M.RUBINI-M.A.SCHARER-G.CAPITANI-R.GLOCKSHUBER,PHENIX 1.8_1069,SDKIIHLTDDSFDTDVLKADGAILVDFWAEWCGACKMIAAILDEIADEYQGKLTVAKLNIDQNAGTAAKYGIRGITLLLFKNGEVAATKVGALSKGQLKEFLDANLA,XR,N,Y,N,N,N
3IQU,1.05,PROTEIN BINDING  SIGNALING PROTEIN,Y,0.130,0.151,Y,63.27,N,Y,P,230,0,21-AUG-09,M.MOLZAN-B.SCHUMACHER-C.OTTMANN-A.BALJULS-L.POLZIEN-M.WEYAND-P.THIEL-R.ROSE-M.ROSE-P.KUHENNE-M.KAISER-U.R.RAPP-J.KUHLMANN-C.OTTMANN,REFMAC 5.5.0070,MERASLIQKAKLAEQAERYEDMAAFMKGAVEKGEELSEERNLLSVAYKNVVGGQRAAWRVLSSIEQKSNEEGSEEKGPEVREYREKVETELQGVCDTVLGLLDSHLIKEAGDAESRVFYLKMKGDYYRYLAEVATGDDKKRIIDSARSAYQEAMDISKKEMPPTNPIRLGLALNFSVFHYEIANSPEEAISLAKTTFDEAMADLHTLSEDSYKDSTLIMQLLRDNLTLWTQRSTT,XR,N,Y,N,N,N
3LB2,1.06,OXIDOREDUCTASE,N,0.169,0.183,Y,16.64,N,Y,A,137,0,07-JAN-10,M.K.THOMPSON-M.F.DAVIS-V.DE SERRANO-F.P.NICOLETTI-B.D.HOWES-G.SMULEVICH-S.FRANZEN,REFMAC 5.2.0019,GFKQDIATIRGDLRTYAQDIFLAFLNKYPDERRYFKNYVGKSDQELKSMAKFGDHTEKVFNLMMEVADRATDCVPLASDANTLVQMKQHSSLTTGNFEKLFVALVEYMRASGQSFDSQSWDRFGKNLVSALSSAGMK,XR,N,Y,N,N,Y
4X5P,1.00,SUGAR BINDING PROTEIN,Y,0.124,0.139,Y,45.09,Y,Y,A,158,0,05-DEC-14,B.FIEGE-S.RABBANI-R.C.PRESTON-R.P.JAKOB-P.ZIHLMANN-O.SCHWARDT-X.JIANG-T.MAIER-B.ERNST,PHENIX (PHENIX.REFINE: DEV_1779),FACKTANGTAIPIGGGSANVYVNLAPVVNVGQNLVVDLSTQIFCHNDYPETITDYVTLQRGSAYGGVLSNFSGTVKYSGSSYPFPTTSETPRVVYNSRTDKPWPVALYLTPVSSAGGVAIKAGSLIAVLILRQTNNYNSDDFQFVWNIYANNDVVVPT,XR,N,Y,N,N,N
5M2T,1.03,TRANSFERASE,Y,0.118,0.137,Y,81.21,Y,Y,F,252,0,13-OCT-16,I.I.PROKOFEV-A.A.LASHKOV-A.G.GABDULKHAKOV-M.V.DONTSOVA-C.BETZEL-A.M.MIKHAILOV,PHENIX 1.10_2155,KTVFHLGVTEADLNGATLAIIPGDPARVQKIAELMDNPVFLASHREYTVYRAELDGQSVVVCSTGIGGPSTSIAVEELAQLGVRTFLRVGTTGAIQPHVNVGDMIVTTGSVRLDGASLHFAPMEFPAVPDFDVATAMKAAAQESGATVHMGVTASSDTFYPGQERYDTFTGRVVRRFQGSMKEWQDMGVLNFEMESATLLTMCASSGLKAGCVAGVIINRTQKEIPDHATLKETEARSIKVVVEAARKMLKTKTVFHLGVTEADLNGATLAIIPGDPARVQKIAELMDNPVFLASHREYTVYRAELDGQSVVVCSTGIGGPSTSIAVEELAQLGVRTFLRVGTTGAIQPHVNVGDMIVTTGSVRLDGASLHFAPMEFPAVPDFDVATAMKAAAQESGATVHMGVTASSDTFYPGQERYDTFTGRVVRRFQGSMKEWQDMGVLNFEMESATLLTMCASSGLKAGCVAGVIINRTQKEIPDHATLKETEARSIKVVVEAARKMLKKTVFHLGVTEADLNGATLAIIPGDPARVQKIAELMDNPVFLASHREYTVYRAELDGQSVVVCSTGIGGPSTSIAVEELAQLGVRTFLRVGTTGAIQPHVNVGDMIVTTGSVRLDGASLHFAPMEFPAVPDFDVATAMKAAAQESGATVHMGVTASSDTFYPGQEYDTFTGRVVRRFQGSMKEWQDMGVLNFEMESATLLTMCASSGLKAGCVAGVIINRTQKEIPDHATLKETEARSIKVVVEAARKMLKTKTVFHLGVTEADLNGATLAIIPGDPARVQKIAELMDNPVFLASHREYTVYRAELDGQSVVVCSTGIGGPSTSIAVEELAQLGVRTFLRVGTTGAIQPHVNVGDMIVTTGSVRLDGASLHFAPMEFPAVPDFDVATAMKAAAQESGATVHMGVTASSDTFYPGQERYDTFTGRVVRRFQGSMKEWQDMGVLNFEMESATLLTMCASSGLKAGCVAGVIINRTQKEIPDHATLKETEARSIKVVVEAARKMLKTKTVFHLGVTEADLNGATLAIIPGDPARVQKIAELMDNPVFLASHREYTVYRAELDGQSVVVCSTGIGGPSTSIAVEELAQLGVRTFLRVGTTGAIQPHVNVGDMIVTTGSVRLDGASLHFAPMEFPAVPDFDVATAMKAAAQESGATVHMGVTASSDTFYPGQERYDTFTGRVVRRFQGSMKEWQDMGVLNFEMESATLLTMCASSGLKAGCVAGVIINRTQKEIPDHATLKETEARSIKVVVEAARKMLKKTVFHLGVTEADLNGATLAIIPGDPARVQKIAELMDNPVFLASHREYTVYRAELDGQSVVVCSTGIGGPSTSIAVEELAQLGVRTFLRVGTTGAIQPHVNVGDMIVTTGSVRLDGASLHFAPMEFPAVPDFDVATAMKAAAQESGATVHMGVTASSDTFYPGQERYDTFTGRVVRRFQGSMKEWQDMGVLNFEMESATLLTMCASSGLKAGCVAGVIINRTQKEIPDHATLKETEARSIKVVVEAARKMLK,XR,N,Y,N,N,N
6NNR,1.05,TRANSFERASE,N,0.121,0.132,Y,56.42,Y,Y,A,263,0,15-JAN-19,Z.WANG-P.J.SAPIENZA-T.ABEYSINGHE-C.LUZUM-A.L.LEE-J.S.FINER-MOORE-R.M.STROUD-A.KOHEN,PHENIX,KQYLELMQKVLDEGTQKNDRTGTGTLSIFGHQMRFNLQDGFPLVTTKRCHLRSIIHELLWFLQGDTNIAYLHENNVTIWDEWADENGDLGPVYGKQWRAWPTPDGRHIDQITTVLNQLKNDPDSRRIIVSAWNVGELDKMALAPCHAFFQFYVADGKLSCQLYQRSCDVFLGLPFNIASYALLVHMMAQQCDLEVGDFVWTGGDTHLYSNHMDQTHLQLSREPRPLPKLIIKRKPESIFDYRFEDFEIEGYDPHPGIKAPVAI,XR,N,N,N,N,Y
2PWA,0.83,HYDROLASE,Y,0.120,0.136,Y,64.36,N,Y,A,279,0,11-MAY-07,R.JAIN-N.SINGH-M.PERBANDT-C.BETZEL-S.SHARMA-P.KAUR-A.SRINIVASAN-T.P.SINGH,SHELXL-97,AAQTNAPWGLARISSTSPGTSTYYYDESAGQGSCVYVIDTGIEASHPEFEGRAQMVKTYYYSSRDGNGHGTHCAGTVGSRTYGVAKKTQLFGVKVLDDNGSGQYSTIIAGMDFVASDKNNRNCPKGVVASLSLGGGYSSSVNSAAARLQSSGVMVAVAAGNNNADARNYSPASEPSVCTVGASDRYDRRSSFSNYGSVLDIFGPGTDILSTWIGGSTRSISGTSMATPHVAGLAAYLMTLGKTTAASACRYIADTANKGDLSNIPFGTVNLLAYNNYQA,XR,N,N,N,N,N
6J64,0.95,HYDROLASE,Y,0.166,0.175,Y,67.07,N,Y,B,115,0,14-JAN-19,J.YU-Z.LIU-Y.LIANG-F.LUO-J.ZHANG-C.TIAN-A.MOTZIK-M.ZHENG-J.KANG-G.ZHONG-C.LIU-P.FANG-E.RAZIN-M.GUO-J.WANG,PHENIX 1.13_2998,GGDTIFGKIIRKEIPAKIIFEDDRCLAFHDISPQAPTHFLVIPKKHISQISVAEDDDESLLGHLMIVGKKCAADLGLNKGYRMVVNEGSDGGQSVYHVHLAVLGGRQMHWPPGRPGGDTIFGKIIRKEIPAKIIFEDDRCLAFHDISPQAPTHFLVIPKKHISQISVAEDDDESLLGHLMIVGKKCAADLGLNKGYRMVVNEGSDGGQSVYHVHLAVLGGRQMHWPPG,XR,N,Y,N,N,N
6C1X,1.05,ISOMERASE,N,0.144,0.172,Y,41.59,Y,Y,A,127,0,05-JAN-18,M.M.PINNEY-A.NATARAJAN-F.YABUKARSKI-D.M.SANCHEZ-F.LIU-R.LIANG-T.DOUKOV-J.P.SCHWANS-T.J.MARTINEZ-D.HERSCHLAG,PHENIX DEV_2376,MNLPTAQEVQGLMARYIELVDVGDIEAIVQMYADDATVENPFGQPPIHGREQIAAFYRQGLGGGKVRACLTGPVRASHNGCGAMPFRVEMVWNGQPCALDVINVMRFDEHGRIQTMQAYWSEVNLSV,XR,N,Y,N,N,N
3L8W,1.00,OXIDOREDUCTASE,Y,0.145,0.144,Y,112.64,Y,Y,A,295,0,04-JAN-10,L.GABISON-M.CHIADMI-M.EL HAJJI-B.CASTRO-N.COLLOC'H-T.PRANGE,SHELX,SAVKAARYGKDNVRVYKVHKDEKTGVQTVYEMTVCVLLEGEIETSYTKADNSVIVATDSIKNTIYITAKQNPVTPPELFGSILGTHFIEKYNHIHAAHVNIVCHRWTRMDIDGKPHPHSFIRDSEEKRNVQVDVVEGKGIDIKSSLSGLTVLKSTNSQFWGFLRDEYTTLKETWDRILSTDVDATWQWKNFSGLQEVRSHVPKFDATWATAREVTLKTFAEDNSASVQATMYKMAEQILARQQLIETVEYSLPNKHYFEIDLSWHKGLQNTGKNAEVFAPQSDPNGLIKCTVGRS,XR,N,N,N,N,N
5P9J,1.08,TRANSFERASE,N,0.210,0.224,Y,65.13,N,Y,A,263,0,20-SEP-16,A.T.BENDER-A.GARDBERG-A.PEREIRA-T.JOHNSON-Y.WU-R.GRENNINGLOH-J.HEAD-F.MORANDI-P.HASELMAYER-L.LIU-BUJALSKI,REFMAC 5.2.0005,SWEIDPKDLTFLKELGTGQFGVVKYGKWRGQYDVAIKMIKEGSMSEDEFIEEAKVMMNLSHEKLVQLYGVCTKQRPIFIITEYMANGCLLNYLREMRHRFQTQQLLEMCKDVCEAMEYLESKQFLHRDLAARNCLVNDQGVVKVSDFGLSRYVLDDEYTGSKFPVRWSPPEVLMYSKFSSKSDIWAFGVLMWEIYSLGKMPYERFTNSETAEHIAQGLRLYRPHLASEKVYTIMYSCWHEKADERPTFKILLSNILDVMDEES,XR,N,Y,N,N,N
1KMV,1.05,OXIDOREDUCTASE,Y,0.130,0.181,Y,78.27,N,Y,A,186,0,17-DEC-01,A.E.KLON-A.HEROUX-L.J.ROSS-V.PATHAK-C.A.JOHNSON-J.R.PIPER-D.W.BORHANI,SHELXL-97,VGSLNCIVAVSQNMGIGKNGDLPWPPLRNEFRYFQRMTTTSSVEGKQNLVIMGKKTWFSIPEKNRPLKGRINLVLSRELKEPPQGAHFLSRSLDDALKLTEQPELANKVDMVWIVGGSSVYKEAMNHPGHLKLFVTRIMQDFESDTFFPEIDLEKYKLLPEYPGVLSDVQEEKGIKYKFEVYEKND,XR,N,N,N,N,N
3R40,1.05,HYDROLASE,N,0.145,0.168,Y,50.89,N,Y,B,291,0,16-MAR-11,P.W.CHAN-A.F.YAKUNIN-E.A.EDWARDS-E.F.PAI,REFMAC 5.5.0102,LADLFPGFGSEWINTSSGRIFARVGGDGPPLLLLHGFPQTHVMWHRVAPKLAERFKVIVADLPGYGWSDMPESDEQHTPYTKRAMAKQLIEAMEQLGHVHFALAGHNRGARVSYRLALDSPGRLSKLAVLDILPTYEYWQRMNRAYALKIYHWSFLAQPAPLPENLLGGDPDFYVKAKLASWTRAGDLSAFDPRAVEHYRIAFADPMRRHVMCEDYRAGAYADFEHDKIDVEAGNKIPVPMLALWGASGIPLDVWRKWASDVQGAPIESGHFLPEEAPDQTAEALVRFFSALADLFPGFGSEWINTSSGRIFARVGGDGPPLLLLHGFPQTHVMWHRVAPKLAERFKVIVADLPGYGWSDMPESDEQHTPYTKRAMAKQLIEAMEQLGHVHFALAGHNRGARVSYRLALDSPGRLSKLAVLDILPTYEYWQRMNRAYALKIYHWSFLAQPAPLPENLLGGDPDFYVKAKLASWTRAGDLSAFDPRAVEHYRIAFADPMRRHVMCEDYRAGAYADFEHDKIDVEAGNKIPVPMLALWGAPLDVWRKWASDVQGAPIESGHFLPEEAPDQTAEALVRFFS,XR,N,Y,N,N,N
6R1D,1.10,SIGNALING PROTEIN,Y,0.123,0.150,Y,367.16,N,Y,B,106,0,14-MAR-19,C.HEIM-D.PLIATSIKA-F.MOUSAVIZADEH-K.BAR-B.HERNANDEZ ALVAREZ-A.GIANNIS-M.D.HARTMANN,REFMAC 5.8.0189,ASIFRCRQCGQTISRRDWLLPMGGDHEHVVFNPAGMIFRVWCFSLAQGLRLIGAPSGEFSWFKGYDWTIALCGQCGSHLGWHYEGGSQPQTFFGLIKDRLAEGPADSIFRCRQCGQTISRRDWLLPMGGDHEHVVFNPAGMIFRVWCFSLAQGLRLIGAPSGEFSWFKGYDWTIALCGQCGSHLGWHYEGGSQPQTFFGLIKDRLAEGPAD,XR,N,N,N,N,N
2QMT,1.05,IMMUNE SYSTEM,N,0.185,0.207,N,73.11,N,Y,A,56,0,16-JUL-07,H.L.FRERICKS SCHMIDT-L.J.SPERLING-Y.G.GAO-B.J.WYLIE-J.M.BOETTCHER-S.R.WILSON-C.M.RIENSTRA,SHELXL-97,MQYKLILNGKTLKGETTTEAVDAATAEKVFKQYANDNGVDGEWTYDDATKTFTVTE,XR,N,N,N,N,N
4RWC,1.05,MEMBRANE PROTEIN,N,0.139,0.156,Y,22.85,Y,Y,A,22,0,02-DEC-14,D.E.MORTENSON-J.D.STEINKRUGER-D.F.KREITLER-D.V.PERRONI-G.P.SORENSON-L.HUANG-R.MITTAL-H.G.YUN-B.R.TRAVIS-M.K.MAHANTHAPPA-K.T.FOREST-S.H.GELLMAN,REFMAC,PLVVAASIIAILHLILWILDRL,XR,N,N,N,N,N
4PE0,1.08,METAL BINDING PROTEIN/INHIBITOR,N,0.192,0.211,N,43.38,Y,Y,X,91,0,22-APR-14,M.C.CAVALIER-A.D.PIERCE-P.T.WILDER-M.J.ALASADY-K.G.HARTMAN-D.B.NEAU-T.L.FOLEY-A.JADHAV-D.J.MALONEY-A.SIMEONOV-E.A.TOTH-D.J.WEBER,PHENIX (PHENIX.REFINE: 1.8.1_1168),SELEKAVVALIDVFHQYSGREGDKHKLKKSELKELINNELSHFLEEIKEQEVVDKVMETLDSDGDGECDFQEFMAFVAMITTACHEFFEHESELEKAVVALIDVFHQYSGREGDKHKLKKSELKELINNELSHFLEEIKEQEVVDKVMETLDSDGDGECDFQEFMAFVAMITTACHEFF,XR,N,N,N,N,N
3U7Q,1.00,OXIDOREDUCTASE,N,0.129,0.146,Y,269.32,N,Y,D,522,0,14-OCT-11,T.SPATZAL-M.AKSOYOGLU-L.ZHANG-S.L.ANDRADE-E.SCHLEICHER-S.WEBER-D.C.REES-O.EINSLE,REFMAC 5.6.0113,MSREEVESLIQEVLEVYPEKARKDRNKHLAVNDPAVTQSKKCIISNKKSQPGLMTIRGCAYAGSKGVVWGPIKDMIHISHGPVGCGQYSRAGRRNYYIGTTGVNAFVTMNFTSDFQEKDIVFGGDKKLAKLIDEVETLFPLNKGISVQSECPIGLIGDDIESVSKVKGAELSKTIVPVRCEGFRGVSQSLGHHIANDAVRDWVLGKRDEDTTFASTPYDVAIIGDYNIGGDAWSSRILLEEMGLRCVAQWSGDGSISEIELTPKVKLNLVHCYRSMNYISRHMEEKYGIPWMEYNFFGPTKTIESLRAIAAKFDESIQKKCEEVIAKYKPEWEAVVAKYRPRLEGKRVMLYIGGLRPRHVIGAYEDLGMEVVGTGYEFAHNDDYDRTMKEMGDSTLLYDDVTGYEFEEFVKRIKPDLIGSGIKEKFIFQKMGIPFREMHSWDYSGPYHGFDGFAIFARDMDMTLNNPCWKKLQAPWESQQVDKIKASYPLFLDQDYKDMLAKKRDGFEEKYPQDKIDEVFQWTTTKEYQELNFQREALTVNPAKACQPLGAVLCALGFEKTMPYVHGSQGCVAYFRSYFNRHFREPVSCVSDSMTEDAAVFGGQQNMKDGLQNCKATYKPDMIAVSTTCMAEVIGDDLNAFINNSKKEGFIPDEFPVPFAHTPSFVGSHVTGWDNMFEGIARYFTLKSMDDKVVGSNKKINIVPGFETYLGNFRVIKRMLSEMGVGYSLLSDPEEVLDTPADGQFRMYAGGTTQEEMKDAPNALNTVLLQPWHLEKTKKFVEGTWKHEVPKLNIPMGLDWTDEFLMKVSEISGQPIPASLTKERGRLVDMMTDSHTWLHGKRFALWGDPDFVMGLVKFLLELGCEPVHILCHNGNKRWKKAVDAILAASPYGKNATVYIGKDLWHLRSLVFTDKPDFMIGNSYGKFIQRDTLHKGKEFEVPLIRIGFPIFDRHHLHRSTTLGYEGAMQILTTLVNSILERLDEETRGMQATDYNHDLVRMSREEVESLIQEVLEVYPEKARKDRNKHLAVNDPAVTQSKKCIISNKKSQPGLMTIRGCAYAGSKGVVWGPIKDMIHISHGPVGCGQYSRAGRRNYYIGTTGVNAFVTMNFTSDFQEKDIVFGGDKKLAKLIDEVETLFPLNKGISVQSECPIGLIGDDIESVSKVKGAELSKTIVPVRCEGFRGVSQSLGHHIANDAVRDWVLGKRDEDTTFASTPYDVAIIGDYNIGGDAWSSRILLEEMGLRCVAQWSGDGSISEIELTPKVKLNLVHCYRSMNYISRHMEEKYGIPWMEYNFFGPTKTIESLRAIAAKFDESIQKKCEEVIAKYKPEWEAVVAKYRPRLEGKRVMLYIGGLRPRHVIGAYEDLGMEVVGTGYEFAHNDDYDRTMKEMGDSTLLYDDVTGYEFEEFVKRIKPDLIGSGIKEKFIFQKMGIPFREMHSWDYSGPYHGFDGFAIFARDMDMTLNNPCWKKLQAPWESQQVDKIKASYPLFLDQDYKDMLAKKRDGFEEKYPQDKIDEVFQWTTTKEYQELNFQREALTVNPAKACQPLGAVLCALGFEKTMPYVHGSQGCVAYFRSYFNRHFREPVSCVSDSMTEDAAVFGGQQNMKDGLQNCKATYKPDMIAVSTTCMAEVIGDDLNAFINNSKKEGFIPDEFPVPFAHTPSFVGSHVTGWDNMFEGIARYFTLKSMDDKVVGSNKKINIVPGFETYLGNFRVIKRMLSEMGVGYSLLSDPEEVLDTPADGQFRMYAGGTTQEEMKDAPNALNTVLLQPWHLEKTKKFVEGTWKHEVPKLNIPMGLDWTDEFLMKVSEISGQPIPASLTKERGRLVDMMTDSHTWLHGKRFALWGDPDFVMGLVKFLLELGCEPVHILCHNGNKRWKKAVDAILAASPYGKNATVYIGKDLWHLRSLVFTDKPDFMIGNSYGKFIQRDTLHKGKEFEVPLIRIGFPIFDRHHLHRSTTLGYEGAMQILTTLVNSILERLDEETRGMQATDYNHDLVR,XR,N,Y,N,N,N
1Z2U,1.10,LIGASE,N,0.131,0.149,Y,28.94,N,Y,A,147,0,09-MAR-05,J.A.GAVIRA-E.DIGIAMAMARINO-W.TEMPEL-Z.J.LIU-B.C.WANG-E.MEEHAN-J.D.NG,REFMAC REFMAC_5.2.0005,MALKRIQKELQDLGRDPPAQCSAGPVGDDLFHWQATIMGPPESPYQGGVFFLTIHFPTDYPFKPPKVAFTTRIYHPNINSNGSICLDILRSQWSPALTISKVLLSICSLLCDPNPDDPLVPEIARIYKTDRERYNQLAREWTQKYAM,XR,N,N,N,N,N
2FN3,1.00,LYASE,Y,0.128,NULL,Y,58.65,N,Y,A,524,0,10-JAN-06,A.K.BERA-M.S.HASSON,SHELXL-97,ASVHGTTYELLRRQGIDTVFGNPGANELPFLKDFPEDFRYILALQEACVVGIADGYAQASRKPAFINLHSAAGTGNAMGALSNAWNSHSPLIVTAGQQTRAMIGVEALLTNVDAANLPRPLVKWSYEPASAAEVPHAMSRAIHMASMAPQGPVYLSVPYDDWDKDADPQSHHLFDRHVSSSVRLNDQDLDILVKALNSASNPAIVLGPDVDAANANADCVMLAERLKAPVWVAPSAPRCPFPTRHPCFRGLMPAGIAAISQLLEGHDVVLVIGAPVFRYHQYDPGQYLKPGTRLISVTCDPLEAARAPMGDAIVADIGAMASALANLVEESSRQLPTAAPEPAKVDQDAGRLHPETVFDTLNDMAPENAIYLNESTSTTAQMWQRLNMRNPGSYYFCAAGGLGFALPAAIGVQLAEPERQVIAVIGDGSANYSISALWTAAQYNIPTIFVIMNNGTYGALRWFAGVLEAENVPGLDVPGIDFRALAKGYGVQALKADNLEQLKGSLQEALSAKGPVLIEVSTVS,XR,N,N,N,N,N
2DKO,1.06,HYDROLASE/HYDROLASE INHIBITOR,N,0.142,0.175,Y,70.93,N,Y,I,146,0,12-APR-06,R.GANESAN-P.R.E.MITTL-S.JELAKOVIC-M.G.GRUTTER,SHELXL-97,SGISLDNSYKMDYPEMGLCIIINNKNFHKSTGMTSRSGTDVDAANLRETFRNLKYEVRNKNDLTREEIVELMRDVSKEDHSKRSSFVCVLLSHGEEGIIFGTNGPVDLKKITNFFRGDRCRSLTGKPKLFIIQACRGTELDCGIETASGVDDDMACHKIPVEADFLYAYSTAPGYYSWRNSKDGSWFIQSLCAMLKQYADKLEFMHILTRVNRKVATEFESFSFDATFHAKKQIPCIVSMLTKELYFYHDEVD,XR,N,N,N,N,N
2PPN,0.92,ISOMERASE,N,0.213,0.199,Y,38.95,N,Y,A,107,0,30-APR-07,S.SZEP-S.PARK-E.T.BODER-G.D.VAN DUYNE-J.G.SAVEN,SHELXL-97,GVQVETISPGDGRTFPKRGQTCVVHYTGMLEDGKKFDSSRDRNKPFKFMLGKQEVIRGWEEGVAQMSVGQRAKLTISPDYAYGATGHPGIIPPHATLVFDVELLKLE,XR,N,N,N,N,N
2G58,0.98,HYDROLASE/HYDROLASE INHIBITOR,Y,0.133,0.157,Y,66.34,N,N,B,121,0,22-FEB-06,R.PREM KUMAR-N.SINGH-R.K.SOMVANSHI-A.S.ETHAYATHULLA-S.DEY-S.SHARMA-P.KAUR-M.PERBANDT-C.BETZEL-T.P.SINGH,SHELXL-97,SLLEFGKMILEETGKLAIPSYSSYGCYCGWGGKGTPKDATDRCCFVHDCCYGNLPDCNPKSDRYKYKRVNGAIVCEKGTSCENRICECDKAAAICFRQNLNTYSKKYMLYPDFLCKGELKCIARS,XR,N,Y,N,N,N
3SU6,1.10,HYDROLASE/INHIBITOR,Y,0.151,0.165,Y,28.18,N,Y,A,199,0,11-JUL-11,K.P.ROMANO-A.ALI-C.AYDIN-D.SOUMANA-A.OZEN-L.M.DEVEAU-C.SILVER-H.CAO-A.NEWTON-C.J.PETROPOULOS-W.HUANG-C.A.SCHIFFER,REFMAC,SHMASMKKKGSVVIVGRINLSGDTAYAQQTRGEEGCQETSQTGRDKNQVEGEVQIVSTATQTFLATSINGVLWTVYHGAGTRTIASPKGPVTQMYTNVDKDLVGWQAPQGSRSLTPCTCGSSDLYLVTRHADVIPVRRRGDSRGSLLSPRPISYLKGSAGGPLLCPAGHAVGIFRTAVSTRGVAKAVDFIPVESLETTM,XR,N,N,N,N,N
2RK3,1.05,CHAPERONE,N,0.133,0.150,Y,81.29,N,Y,A,187,0,16-OCT-07,M.LAKSHMINARASIMHAN-M.T.MALDONADO-W.ZHOU-A.L.FINK-M.A.WILSON,SHELXL-97,ASKRALVILAKGAEEMETVIPVDVMRRAGIKVTVAGLAGKDPVQCSRDVVICPDASLEDAKKEGPYDVVVLPGGNLGAQNLSESAAVKEILKEQENRKGLIATICAGPTALLAHEIGFGSKVTTHPLAKDKMMNGGHYTYSENRVEKDGLILTSRGPGTSFEFALAIVEALNGKEVAAQVKAPLVLK,XR,N,N,N,N,N
5LVO,1.09,TRANSFERASE,Y,0.136,0.157,Y,50.17,Y,Y,A,286,0,14-SEP-16,J.O.SCHULZE-G.SALADINO-K.BUSSCHOTS-S.NEIMANIS-E.SU-D.ODADZIC-S.ZEUZEM-V.HINDIE-A.K.HERBRAND-M.N.LISA-P.M.ALZARI-F.L.GERVASIO-R.M.BIONDI,PHENIX (1.10.1_2155: ???),QPRKKRPEDFKFGKILGEGSFSTVVLARELATSREYAIKILEKRHIIKENKVPYVTRERDVMSRLDHPFFVKLYFTFQDDEKLYFGLSYAKNGELLKYIRKIGSFDETCTRFYTAEIVSALEYLHGKGIIHRDLKPENILLNEDMHIQITDFGTAKVLSPESKQARANFVGTAQYVSPELLTEKSACKSSDLWALGCIIYQLVAGLPPFRAGNEGLIFAKIIKLEYDFPEKFFPKARDLVEKLLVLDATKRLGCEEMEGYGPLKAHPFFESVTWENLHQQTPPKLT,XR,N,Y,N,N,N
1NWZ,0.82,SIGNALING PROTEIN,N,0.123,0.144,Y,87.93,N,Y,A,125,0,07-FEB-03,E.D.GETZOFF-K.N.GUTWIN-U.K.GENICK,SHELXL-97,MEHVAFGSEDIENTLAKMDDGQLDGLAFGAIQLDGDGNILQYNAAEGDITGRDPKQVIGKNFFKDVAPCTDSPEFYGKFKEGVASGNLNTMFEYTFDYQMTPTKVKVHMKKALSGDSYWVFVKRV,XR,N,N,N,N,N
4X6H,1.00,HYDROLASE,N,0.155,0.166,Y,56.25,N,Y,A,215,0,08-DEC-14,J.BORISEK-M.VIZOVISEK-P.SOSNOWSKI-B.TURK-D.TURK-B.MOHAR-M.NOVIC,PHENIX,APDSVDYRKKGYVTPVKNQGQCGSCWAFSSVGALEGQLKKKTGKLLNLSPQNLVDCVSENDGCGGGYMTNAFQYVQKNRGIDSEDAYPYVGQEESCMYNPTGKAAKCRGYREIPEGNEKALKRAVARVGPVSVAIDASLTSFQFYSKGVYYDESCNSDNLNHAVLAVGYGIQKGNKHWIIKNSWGENWGNKGYILMARNKNNACGIANLASFPKM,XR,N,N,N,N,N
1T8K,1.10,LIPID TRANSPORT,N,0.134,0.150,Y,33.67,N,N,A,77,0,13-MAY-04,X.QIU-C.A.JANSON,REFMAC 5.1.24,STIEERVKKIIGEQLGVKQEEVTNNASFVEDLGADSLDTVELVMALEEEFDTEIPDEEAEKITTVQAAIDYINGHQA,XR,N,N,N,N,N
3ZSJ,0.86,SUGAR BINDING PROTEIN,Y,0.127,0.142,Y,40.1,N,Y,A,138,0,28-JUN-11,K.SARABOJI-M.HAKANSSON-S.GENHEDEN-C.DIEHL-J.QVIST-U.WEININGER-U.J.NILSSON-H.LEFFLER-U.RYDE-M.AKKE-D.T.LOGAN,SHELXL-97,PLIVPYNLPLPGGVVPRMLITILGTVKPNANRIALDFQRGNDVAFHFNPRFNENNRRVIVCNTKLDNNWGREERQSVFPFESGKPFKIQVLVEPDHFKVAVNDAHLLQYNHRVKKLNEISKLGISGDIDLTSASYTMI,XR,N,N,N,N,N
6T02,1.10,RNA BINDING PROTEIN,N,0.188,0.200,Y,50.49,N,Y,B,164,0,02-OCT-19,R.K.BEDI-D.HUANG-L.WIEDMER-Y.LI-A.DOLBOIS-J.A.WOJDYLA-M.E.SHARPE-A.CAFLISCH-P.SLEDZ,PHENIX 1.16_3549,GTSKLKYVLQDARFFLIKSNNHENVSLAKAKGVWSTLPVNEKKLNLAFRSARSVILIFSVRESGKFQGFARLSSESHHGGSPIHWVLGGVFKIDWICRRELPFTKSAHLTNPWNEHKPVKIGRDGQEIELECGTQLCLLFPPDESIDLYQVIHKMGTSKLKYVLQDARFFLIKSNNHENVSLAKAKGVWSTLPVNEKKLNLAFRSARSVILIFSVRESGKFQGFARLSSESHHGGSPIHWVLPAGMSAKMLGGVFKIDWICRRELPFTKSAHLTNPWNEHKPVKIGRDGQEIELECGTQLCLLFPPDESIDLYQVIHKM,XR,N,Y,N,N,N
1O5X,1.10,ISOMERASE,Y,0.133,0.171,Y,73.34,N,Y,B,246,0,06-OCT-03,S.PARTHASARATHY-K.EAAZHISAI-H.BALARAM-P.BALARAM-M.R.MURTHY,SHELXL-97,RKYFVAANWKCNGTLESIKSLTNSFNNLDFDPSKLDVVVFPVSVHYDHTRKLLQSKFSTGIQNVSKFGNGSYTGEVSAEIAKDLNIEYVIIGHFERRKYFHETDEDVREKLQASLKNNLKAVVCFGESLEQREQNKTIEVITKQVKAFVDLIDNFDNVILVYEPLWAIGTGKTATPEQAQLVHKEIRKIVKDTCGEKQANQIRILYGGSVNTENCSSLIQQEDIDGFLVGNASLKESFVDIIKSAMRKYFVAANWKCNGTLESIKSLTNSFNNLDFDPSKLDVVVFPVSVHYDHTRKLLQSKFSTGIQNVSKFGNGSYTGEVSAEIAKDLNIEYVIIGHFERRKYFHETDEDVREKLQASLKNNLKAVVCFGESLEQREQNKTIEVITKQVKAFVDLIDNFDNVILVYEPLWAIGTGKTATPEQAQLVHKEIRKIVKDTCGEKQANQIRILYGGSSSLIQQEDIDGFLVGNASLKESFVDIIKSAM,XR,N,Y,N,N,N
6ENI,1.10,TRANSCRIPTION,N,0.159,0.176,Y,134.19,Y,Y,B,105,0,04-OCT-17,O.HERUD-SIKIMIC-A.C.STIEL-S.SHANMUGARATNAM-B.HOCKER-G.JUERGENS,PHENIX,AQQSPYSAAMAEQRHQEWLRFVDLLKNAYQNDLHLPLLNLMLLPDEREALGTRVRIVEELLRGEMSQRELKNELGAGIATITRGSNYLKAAPVELRQWLEEVLLAQQSPYSAAMAEQRHQEWLRFVDLLKNAYQNDLHLPLLNLMLLPDEREALGTRVRIVEELLRGEMSQRELKNELGAGIATITRGSNYLKAAPVELRQWLEEVLLK,XR,N,N,N,N,N
5IG6,0.91,TRANSCRIPTION,Y,0.126,0.143,Y,55.76,N,Y,A,115,0,27-FEB-16,S.TRIPATHI-S.MATHUR-P.DESHMUKH-R.MANJULA-B.PADMANABHAN,REFMAC 5.7.0029,GSHMQDPEQLKHCNGILKELLSKKHAAYAWPFYKPVDASALGLHDYHDIIKHPMDLSTVKRKMENRDYRDAQEFAADVRLMFSNCYKYNPPDHDVVAMARKLQDVFEFRYAKMPA,XR,N,Y,N,N,N
3IP0,0.89,TRANSFERASE,Y,0.128,0.128,Y,91.76,Y,Y,A,158,0,15-AUG-09,J.BLASZCZYK-Y.LI-G.SHI-H.YAN-X.JI,PHENIX,TVAYIAIGSNLASPLEQVNAALKALGDIPESHILTVSSFYRTPPLGPQDQPDYLNAAVALETSLAPEELLNHTQRIELQQGRVRKAERWGPRTLDLDIMLFGNEVINTERLTVPHYDMKNRGFMLWPLFEIAPELVFPDGEMLRQILHTRAFDKLNKW,XR,N,N,N,N,N
5U3A,0.95,HYDROLASE,N,0.110,0.121,Y,42.67,Y,Y,A,495,0,01-DEC-16,L.GOLDBACH-B.J.A.VERMEULEN-S.CANER-M.LIU-C.TYSOE-L.VAN GIJZEL-R.YOSHISADA-M.TRELLET-H.VAN INGEN-G.D.BRAYER-A.M.J.J.BONVIN-S.A.K.JONGKEES,PHENIX (1.10.1_2155: ???),YSPNTQQGRTSIVHLFEWRWVDIALECERYLAPKGFGGVQVSPPNENVAIYNPFRPWWERYQPVSYKLCTRSGNEDEFRNMVTRCNNVGVRIYVDAVINHMCGNAVSAGTSSTCGSYFNPGSRDFPAVPYSGWDFNDGKCKTGSGDIENYNDATQVRDCRLTGLLDLALEKDYVRSKIAEYMNHLIDIGVAGFRLDASKHMWPGDIKAILDKLHNLNSNWFPAGSKPFIYQEVIDLGGEPIKSSDYFGNGRVTEFKYGAKLGTVIRKWNGEKMSYLKNWGEGWGFVPSDRALVFVDNHDNQRGHGAGGASILTFWDARLYKMAVGFMLAHPYGFTRVMSSYRWPRQFQNGNDVNDWVGPPNNNGVIKEVTINPDTTCGNDWVCEHRWRQIRNMVIFRNVVDGQPFTNWYDNGSNQVAFGRGNRGFIVFNNDDWSFSLTLQTGLPAGTYCDVISGDKINGNCTGIKIYVSDDGKAHFSISNSAEDPFIAIHAESKL,XR,N,Y,N,N,N
2OV0,0.75,ELECTRON TRANSPORT,N,0.126,0.142,Y,46.77,N,Y,A,105,0,12-FEB-07,C.J.CARRELL-V.L.DAVIDSON-Z.CHEN-L.M.CUNANE-P.TRICKEY-F.S.MATHEWS,SHELX,DKATIPSESPFAAAEVADGAIVVDIAKMKYETPELHVKVGDTVTWINREAMPHNVHFVAGVLGEAALKGPMMKKEQAYSLTFTEAGTYDYHCTPHPFMRGKVVVE,XR,N,N,N,N,N
1OE1,1.04,REDUCTASE,N,0.118,0.142,Y,59.59,N,N,A,335,0,18-MAR-03,M.J.ELLIS-F.E.DODD-G.SAWERS-R.R.EADY-S.S.HASNAIN,SHELXL-97,DADKLPHTKVTLVAPPQVHPHEQATKSGPKVVEFTMTIEEKKMVIDDKGTTLQAMTFNGSMPGPTLVVHEGDYVQLTLVNPATNAMPHNVDFHGATGALGGAKLTNVNPGEQATLRFKADRSGTFVYHCAPEGMVPWHVVSGMSGTLMVLPRDGLKDPQGKPLHYDRAYTIGEFDLYIPKGPDGKYKDYATLAESYGDTVQVMRTLTPSHIVFNGKVGALTGANALTAKVGETVLLIHSQANRDTRPHLIGGHGDWVWETGKFANPPQRDLETWFIRGGSAGAALYTFKQPGVYAYLNHNLIEAFELGAAGHIKVEGKWNDDLMKQIKAPAPIPR,XR,N,N,N,N,N
5WGI,1.05,HYDROLASE/HYDROLASE INHIBITOR,Y,0.107,0.126,Y,46.57,Y,Y,A,360,0,14-JUL-17,N.J.PORTER-A.MAHENDRAN-R.BRESLOW-D.W.CHRISTIANSON,PHENIX (DEV_2776: ???),NAGGSSPITGLVYDQRMMLHHNMWDSHHPELPQRISRIFSRHEELRLLSRCHRIPARLATEEELALCHSSKHISIIKSSEHMKPRDLNRLGDEYNSIFISNESYTCALLAAGSCFNSAQAILTGQVRNAVAIVRPPGHHAEKDTACGFCFFNTAALTARYAQSITRESLRVLIVDWDVHHGNGTQHIFEEDDSVLYISLHRYEDGAFFPNSEDANYDKVGLGKGRGYNVNIPWNGGKMGDPEYMAAFHHLVMPIAREFAPELVLVSAGFDAARGDPLGGFQVTPEGYAHLTHQLMSLAAGRVLIILEGGYNLTSISESMSMCTSMLLGDSPPSLTPLKTSATVSINNVLRAHAPFWSSLR,XR,N,Y,N,N,N
4C1H,1.10,HYDROLASE,N,0.132,0.139,Y,41.88,N,Y,A,222,0,12-AUG-13,J.BREM-S.S.VAN BERKEL-D.ZOLLMAN-S.Y.LEE-O.GILEADI-P.J.MCHUGH-T.R.WALSH-M.A.MCDONOUGH-C.J.SCHOFIELD,PHENIX (PHENIX.REFINE),KTVIKNETGTISISQLNKNVWVHTELGSFNGEAVPSNGLVLNTSKGLVLVDSSWDDKLTKELIEMVEKKFQKRVTDVIITHAHADRIGGIKTLKERGIKAHSTALTAELAKKNGYEEPLGDLQTVTNLKFGNMKVETFYPGKGHTEDNIVVWLPQYNILVGGCLVKSTSAKDLGNVADAYVNEWSTSIENVLKRYRNINAVVPGHGEVGDKGLLLHTLDLLK,XR,N,N,N,N,N
2XU3,0.90,HYDROLASE,N,0.14248,0.15473,Y,34.53,Y,Y,A,220,0,14-OCT-10,L.A.HARDEGGER-B.KUHN-B.SPINNLER-L.ANSELM-R.ECABERT-M.STIHLE-B.GSELL-R.THOMA-J.DIEZ-J.BENZ-J.M.PLANCHER-G.HARTMANN-D.W.BANNER-W.HAAP-F.DIEDERICH,REFMAC 5.6.0077,APRSVDWREKGYVTPVKNQGQCGSCWAFSATGALEGQMFRKTGRLISLSEQNLVDCSGPQGNEGCNGGLMDYAFQYVQDNGGLDSEESYPYEATEESCKYNPKYSVANDTGFVDIPKQEKALMKAVATVGPISVAIDAGHESFLFYKEGIYFEPDCSSEDMDHGVLVVGYGFESTESDNNKYWLVKNSWGEEWGMGGYVKMAKDRRNHCGIASAASYPTV,XR,N,N,N,N,N
5WS7,1.00,HYDROLASE,Y,0.118,0.138,Y,60.97,Y,Y,A,156,0,05-DEC-16,S.WAZ-T.NAKAMURA-K.HIRATA-Y.KOGA-OGAWA-M.CHIRIFU-T.ARIMORI-T.TAMADA-S.IKEMIZU-Y.NAKABEPPU-Y.YAMAGATA,PHENIX 1.9_1692,MKASRLYTLVLVLQPQRVLLGMKKRGFGAGRWNGFGGKVQEGETIEDGARRELQEESGLTVDALHKVGQIVFEFVGEPELMDVHVFATDSIQGTPVESDEMRPSWFQLDQIPFKDMWPDDSYWFPLLLQKKKFHGYFKFQGQDTILDYTLREVDTV,XR,N,Y,N,N,Y
1X8P,0.85,LIGAND BINDING PROTEIN,Y,0.133,0.159,Y,82.84,N,Y,A,184,0,18-AUG-04,D.A.KONDRASHOV-S.A.ROBERTS-A.WEICHSEL-W.R.MONTFORT,SHELXL-97,ACTKNAIAQTGFNKDKYFNGDVWYVTDYLDLEPDDVPKRYCAALAAGTASGKLKEALYHYDPKTQDTFYDVSELQVESLGKYTANFKKVDKNGNVKVAVTAGNYYTFTVMYADDSSALIHTCLHKGNKDLGDLYAVLNRNKDAAAGDKVKSAVSAATLEFSKFISTKENNCAYDNDSLKSLLTK,XR,N,N,N,N,N
6BQA,1.03,GENE REGULATION,Y,0.163,0.171,N,53.99,N,Y,A,102,0,27-NOV-17,E.NITTINGER-P.GIBBONS-C.EIGENBROT-D.R.DAVIES-B.MAURER-C.L.YU-J.R.KIEFER-A.KUGLSTATTER-J.MURRAY-D.F.ORTWINE-Y.TANG-V.TSUI,PHENIX DEV_2747,STPIQQLLEHFLRQLQRKDPHGFFAFPVTDAIAPGYSMIIKHPMDFGTMKDKIVANEYKSVTEFKADFKLMCDNAMTYNRPDTVYYKLAKKILHAGFKMMSK,XR,N,N,N,N,N
3QZR,1.04,HYDROLASE/HYDROLASE INHIBITOR,Y,0.151,0.164,Y,43.31,Y,Y,B,180,0,07-MAR-11,J.WANG-T.FAN-X.YAO-Z.WU-L.GUO-X.LEI-J.WANG-M.WANG-Q.JIN-S.CUI,PHENIX (PHENIX.REFINE: 1.6.1_357),GPSLDFALSLLRRNVRQVQTDQGHFTMLGVRDRLAVLPRHSQPGKTIWIEHKLVNVLDAVELVDEQGVNLALTLITLDTNEKFRDITKFIPENISTASDATLVINTEHMPSMFVPVGDVVQYGFLNLSGKPTHRTMMYNFPTKAGQCGGVVTSVGKIIGIHIGGNGRQGFCAGLKRSYFADFALSLLRRNVRQVQTDQGHFTMLGVRDRLAVLPRHSQPGKTIWIEHKLVNVLDAVELVDEQGVNLALTLITLDTNEKFRDITKFIPENISTASDATLVINTEHMPSMFVPVGDVVQYGFLNLSGKPTHRTMMYNFPTKAGQCGGVVTSVGKIIGIHIGGNGRQGFCAGLKRSYFA,XR,N,Y,N,N,N
2BW4,0.90,OXIDOREDUCTASE,N,0.118,0.134,Y,24.56,N,Y,A,334,0,12-JUL-05,S.V.ANTONYUK-R.W.STRANGE-G.SAWERS-R.R.EADY-S.S.HASNAIN,REFMAC 5.1.9999,VDISTLPRVKVDLVKPPFVHAHDQVAKTGPRVVEFTMTIEEKKLVIDREGTEIHAMTFNGSVPGPLMVVHENDYVELRLINPDTNTLLHNIDFHAATGALGGGALTQVNPGEETTLRFKATKPGVFVYHCAPEGMVPWHVTSGMNGAIMVLPRDGLKDEKGQPLTYDKIYYVGEQDFYVPKDEAGNYKKYETPGEAYEDAVKAMRTLTPTHIVFNGAVGALTGDHALTAAVGERVLVVHSQANRDTRPHLIGGHGDYVWATGKFRNPPDLDQETWLIPGGTAGAAFYTFRQPGVYAYVNHNLIEAFELGAAGHFKVTGEWNDDLMTSVVKPASM,XR,N,Y,N,N,N
6Q7D,0.98,TRANSFERASE,N,0.186,0.207,Y,76.31,N,Y,A,275,0,13-DEC-18,A.TROESTER-D.KUDLINZKI-K.SAXENA-S.GANDE-H.SCHWALBE,PHENIX (DEV_3318: ???),AVLKFTTEIHPSCVTRQKVIGAGEFGEVYKGMLKTKEVPVAIKTLKAGYTEKQRVDFLGEAGIMGQFSHHNIIRLEGVISKYKPMMIITEYMENGALDKFLREKDGEFSVLQLVGMLRGIAAGMKYLANMNYVHRDLAARNILVNSNLVCKVSDFGLIPIRWTAPEAISYRKFTSASDVWSFGIVMWEVMTYGERPYWELSNHEVMKAINDGFRLPTPMDCPSAIYQLMMQCWQQERARRPKFADIVSILDKLIRAPDSLKTLADFDPRVSIRLP,XR,N,Y,N,N,N
3NED,0.95,FLUORESCENT PROTEIN,N,0.135,0.157,Y,38.09,N,Y,A,228,0,08-JUN-10,R.A.CHICA-M.M.MOORE-B.D.ALLEN-S.L.MAYO,REFMAC 5.5.0088,EEDNMAIIKEFMRFKTHMEGSVNGHEFEIEGEGEGRPYEGTQTAKLKVTKGGPLPFAWDILSPQFSKAYVKHPADIPDYLKLSFPEGFKWERVMNFEDGGVVTVTQDSSLQDGEFIYKVKLRGTNFPSDGPVMQKKTMGWEACSERMYPEDGALKGEMKMRLKLKDGGHYDAEVKTTYKAKKPVQLPGAYNTNTKLDITSHNEDYTIVEQYERNEGRHSTGGMDELYK,XR,N,Y,N,N,N
4OO4,0.97,OXIDOREDUCTASE,N,0.137,0.165,Y,64.69,N,Y,A,105,0,30-JAN-14,J.THE-A.WEICHSEL-W.R.MONTFORT,REFMAC 5.8.0049,MVKQIESKTAFQEALDAAGDKLVVVDFSATWCGPCKMIKPFFHSLSEKYSNVIFLEVDVDDCADVASESEVKSMPTFQFFKKGQKVGEFSGANKEKLEATINELV,XR,N,Y,N,N,Y
3BVX,1.10,HYDROLASE,Y,0.158,0.190,Y,142.68,N,Y,A,1016,0,07-JAN-08,W.ZHONG-D.A.KUNTZ-B.EMBER-H.SINGH-K.W.MOREMEN-D.R.ROSE-G.J.BOONS,SHELXL-97,QCQDVVQDVPNVDVQMLELYDRMSFKDIDGGVWKQGWNIKYDPLKYNAHHKLKVFVVPHSHNDPGWIQTFEEYYQHDTKHILSNALRHLHDNPEMKFIWAEISYFARFYHDLGENKKLQMKSIVKNGQLEFVTGGWVMPDEANSHWRNVLLQLTEGQTWLKQFMNVTPTASWAIAPFGHSPTMPYILQKSGFKNMLIQRTHYSVKKELAQQRQLEFLWRQIWDNKGDTALFTHMMPFYSYDIPHTCGPDPKVCCQFDFKRMGSFGLSCPWKVPPRTISDQNVAARSDLLVDQWKKKAELYRTNVLLIPLGDDFRFKQNTEWDVQRVNYERLFEHINSQAHFNVQAQFGTLQEYFDAVHQAERAGQAEFPTLSGDFFTYADRSDNYWSGYYTSRPYHKRMDRVLMHYVRAAEMLSAWHSWDGMARIEERLEQARRELSLFQHHDGITGTAKTHVVVDYEQRMQEALKACQMVMQQSVYRLLTKPSIYSPDFSFSYFTLDDSRWPGSGVEDSRTTIILGEDILPSKHVVMHNTLPHWREQLVDFYVSSPFVSVTDLANNPVEAQVSPVWSWHHDTLTKTIHPQGSTTKYRIIFKARVPPMGLATYVLTISDSKPEHTSYASNLLLRKNPTSLPLGQYPEDVKFGDPREISLRVGNGPTLAFSEQGLLKSIQLTQDSPHVPVHFKFLKYGVRSHGDRSGAYLFLPNGPASPVELGQPVVLVTKGKLESSVSVGLPSVVHQTIMRGGAPEIRNLVDIGSLDNTEIVMRLETHIDSGDIFYTDLNGLQFIKRRRLDKLPLQANYYPIPSGMFIEDANTRLTLLTGQPLGGSSLASGELEIMQDRRLASDDERGLGQGVLDNKPVLHIYRLVLEKVNNCVRPSKLHPAGYLTSAAHKASQSLLDPLDKFIFAENEWIGAQGQFGGDHPSAREDLDVSVMRRLTKSSAKTQRVGYVLHRTNLMQCGTPEEHTQKLDVCHLLPNVARCERTTLTFLQNLEHLDGMVAPEVCPMETAAYVSSHSS,XR,N,N,N,N,N
4O8H,0.85,ISOMERASE,N,0.108,0.119,Y,18.08,N,Y,A,164,0,27-DEC-13,K.R.VALASANI-E.A.CARLSON-K.P.BATTAILE-A.BISSON-C.WANG-S.LOVELL-S.SHIDU YAN,PHENIX 1.8.4_1488,GNPLVYLDVDANGKPLGRVVLELKADVVPKTAENFRALCTGEKGFGYKGSTFHRVIPSFMCQAGDFTNHNGTGGKSIYGSRFPDENFTLKHVGPGVLSMANAGPNTNGSQFFICTIKTDWLDGKHVVFGHVIEGMDVVKKIESFGSKSGRTSKKIVITDCGQLS,XR,N,N,N,N,N
2OIZ,1.05,OXIDOREDUCTASE,N,0.118,0.141,Y,50.13,N,Y,H,361,0,12-JAN-07,A.ROUJEINIKOVA-P.HOTHI-L.MASGRAU-M.J.SUTCLIFFE-N.S.SCRUTTON-D.LEYS,REFMAC 5.2.0011,EVLTGGHSVSAPQENRIYVMDSVFMHLTESRVHVYDYTNGKFLGMVPTAFNGHVQVSNDGKKIYTMTTYHERITRGKRSDVVEVWDADKLTFEKEISLPPKRVQGLNYDGLFRQTTDGKFIVLQNASPATSIGIVDVAKGDYVEDVTAAAGCWSVIPQPNRPRSFMTICGDGGLLTINLGEDGKVASQSRSKQMFSVKDDPIFIAPALDKDKAHFVSYYGNVYSADFSGDEVKVDGPWSLLNDEDKAKNWVPGGYNLVGLHRASGRMYVFMHPDGKEGTHKFPAAEIWVMDTKTKQRVARIPGRDALSMTIDQQRNLMLTLDGGNVNVYDISQPEPKLLRTIEGAAEASLQVQFHPVGGTREVLTGGHSVSAPQENRIYVMDSVFMHLTESRVHVYDYTNGKFLGMVPTAFNGHVQVSNDGKKIYTMTTYHERITRGKRSDVVEVWDADKLTFEKEISLPPKRVQGLNYDGLFRQTTDGKFIVLQNASPATSIGIVDVAKGDYVEDVTAAAGCWSVIPQPNRPRSFMTICGDGGLLTINLGEDGKVASQSRSKQMFSVKDDPIFIAPALDKDKAHFVSYYGNVYSADFSGDEVKVDGPWSLLNDEDKAKNWVPGGYNLVGLHRASGRMYVFMHPDGKEGTHKFPAAEIWVMDTKTKQRVARIPGRDALSMTIDQQRNLMLTLDGGNVNVYDISQPEPKLLRTIEGAAEASLQVQFHPVGGTEVNSCDYWRHCAVDGFLCSCCGGTTTTCPPGSTPSPISIGTCHNPHDGKDYLISYHDCCGKTACGRCQCNTQTRERPGYEFFLHNDVNWCMANENSTFHCTTSVLVGLAHISLNPDLANEDEVNSCDYWRHCAVDGFLCSCCGGTTTTCPPGSTPSPISIGTCHNPHDGKDYLISYHDCCGKTACGRCQCNTQTRERPGYEFFLHNDVNWCMANENSTFHCTTSVLVGLA,XR,N,Y,N,N,N
5EL9,1.10,LYASE,Y,0.115,0.129,Y,113.21,N,Y,A,199,0,04-NOV-15,C.BISSON-K.L.BRITTON-S.E.SEDELNIKOVA-H.F.RODGERS-T.C.EADSFORTH-R.C.VINER-T.R.HAWKES-P.J.BAKER-D.W.RICE,REFMAC 5.8.0135,SARIGEVKRETKETNVSVKINLDGHGVSDSSTGIPFLDHMLDQLASHGLFDVHVRATGDTHIDDHHTNEDVALAIGTALLKALGERKGINRFGDFTAPLDEALIHVSLDLSGRPYLGYNLEIPTQRVGTYDTQLVEHFFQSLVNTSGMTLHIRQLAGKNSHHIIEATFKAFARALRQATESDPRRGGTIPSSKGVLSRS,XR,N,N,N,N,N
5A71,0.91,HYDROLASE,N,0.113,0.132,Y,41.2,N,Y,A,316,0,02-JUL-15,B.STAUCH-S.J.FISHER-M.CIANCI,REFMAC 5.8.0123,LPSGSDPAFSQPKSVLDAGLTCQGASPSSVSKPILLVPGTGTTGPQSFDSNWIPLSTQLGYTPCWISPPPFMLNDTQVNTEYMVNAITALYAGSGNNKLPVLTWSQGGLVAQWGLTFFPSIRSKVDRLMAFAPDYKGTVLAGPLDALAVSAPSVWQQTTGSALTTALRNAGGLTQIVPTTNLYSATDEIVQPQVSNSPLDSSYLFNGKNVQAQAVCGPLFVIDHAGSLTSQFSYVVGRSALRSTTGQARSADYGITDCNPLPANDLTPEQKVAAAALLAPAAAAIVAGPKQNCEPDLMPYARPFAVGKRTCSGIVT,XR,N,Y,N,N,Y
3P6D,1.06,LIPID BINDING PROTEIN,Y,0.141,0.161,Y,34.71,N,Y,A,131,0,11-OCT-10,J.M.GONZALEZ-S.Z.FISHER,REFMAC 5.5.0109,CDAFVGTWKLVSSENFDDYMKEVGVGFATRKVAGMAKPNMIISVNGDVITIKSESTFKNTEISFILGQEFDEVTADDRKVKSTITLDGGVLVHVQKWDGKSTTIKRKREDDKLVVECVMKGVTSTRVYERA,XR,N,Y,N,N,N
4AOH,1.04,HYDROLASE,N,0.1698,0.1879,Y,37.24,N,Y,A,122,0,27-MAR-12,N.THIYAGARAJAN-R.FERGUSON-V.SUBRAMANIAN-K.R.ACHARYA,PHENIX (PHENIX.REFINE),QDNSRYTHFLTQHYDAKPQGRDDRYCESIMRRRGLTSPCKDINTFIHGNKRSIKAICENKNGNPHRENLRISKSSFQVTTCKLHGGSPWPPCQYRATAGFRNVVVACENGLPVHLDQSIFRR,XR,N,N,N,N,N
2BT9,0.94,LECTIN,Y,0.098,0.120,Y,98.19,N,Y,C,90,0,27-MAY-05,N.KOSTLANOVA-E.P.MITCHELL-H.LORTAT-JACOB-S.OSCARSON-M.LAHMANN-N.GILBOA-GARBER-G.CHAMBAT-M.WIMMEROVA-A.IMBERTY,SHELXL-97,SSVQTAATSWGTVPSIRVYTANNGKITERCWDGKGWYTGAFNEPGDNVSVTSWLVGSAIHIRVYASTGTTTTEWCWDGNGWTKGAYTSTNSSVQTAATSWGTVPSIRVYTANNGKITERCWDGKGWYTGAFNEPGDNVSVTSWLVGSAIHIRVYASTGTTTTEWCWDGNGWTKGAYTSSVQTAATSWGTVPSIRVYTANNGKITERCWDGKGWYTGAFNEPGDNVSVTSWLVGSAIHIRVYASTGTTTTEWCWDGNGWTKGAYTST,XR,N,N,N,N,N
5OAZ,1.03,TRANSFERASE,N,0.146,0.163,N,42.57,Y,Y,B,59,0,25-JUN-17,A.CAMARA-ARTIGAS,PHENIX,DPNLFVALYDFVASGDNTLSITKGEKLRVLGYNHNGEWCEAQTKNGQGWVPSNYITPVNLFVALYDFVASGDNTLSITKGEKLRVLGYNHNGEWCEAQTKNGQGWVPSNYITPVN,XR,N,N,N,N,N
4JOK,1.09,PEPTIDE BINDING PROTEIN,N,0.182,0.186,Y,47.27,N,Y,D,87,0,18-MAR-13,J.F.AMACHER-P.R.CUSHING-L.BROOKS-P.BOISGUERIN-D.R.MADDEN,PHENIX (PHENIX.REFINE: 1.6.4_486),GPIRKVLLLKEDHEGLGISITGGKEHGVPILISEIHPGQPADRCGGLHVGDAILAVNGVNLRDTKHKEAVTILSQQRGEIEFEVVYVGPIRKVLLLKEDHEGLGISITGGKEHGVPILISEIHPGQPADRCGGLHVGDAILAVNGVNLRDTKHKEAVTILSQQRGEIEFEVVYVNSRYPTSIIYPTSII,XR,N,N,N,N,N
2GG2,1.00,HYDROLASE,N,0.136,0.153,Y,37.04,N,Y,A,263,0,23-MAR-06,A.G.EVDOKIMOV-M.POKROSS-R.L.WALTER-M.MEKEL-B.L.BARNETT-J.AMBURGEY-W.L.SEIBEL-S.J.SOPER-J.F.DJUNG-N.FAIRWEATHER-C.DIVEN-V.RASTOGI-L.GRINIUS-C.KLANKE-R.SIEHNEL-T.TWINEM-R.ANDREWS-A.CURNOW,REFMAC 5.2.0005,AISIKTPEDIEKMRVAGRLAAEVLEMIEPYVKPGVSTGELDRICNDYIVNEQHAVSACLGYHGYPKSVCISINEVVCHGIPDDAKLLKDGDIVNIDVTVIKDGFHGDTSKMFIVGKPTIMGERLCRITQESLYLALRMVKPGINLREIGAAIQKFVEAEGFSVVREYCGHGIGRGFHEEPQVLHYDSRETNVVLKPGMTFTIEPMVNAGKKEIRTMKDGWTVKTKDRSLSAQYEHTIVVTDNGCEILTLRKDDTIPAIISHDE,XR,N,N,N,N,N
3AH9,1.08,STRUCTURAL PROTEIN,N,0.165,0.191,N,65.62,N,Y,F,25,0,22-APR-10,K.OKUYAMA-T.MORIMOTO-C.HONGO-N.HOSAKA-N.NISHINO,SHELXL-97,PGPPGPPGPPGPPGPPGPPGPPGPPPGPPGPPGPPGPPGPPGPPGPPGPPPGPPGPPGPPGPPGPPGPPGPPGPGPPGPPGPPGPPGPPGPPGPPGPPGPPGPPGPPGPPGPPGPPGPPGPPPGPPGPPGPPGPPGPPGPPGPPG,XR,N,N,N,N,N
1N40,1.06,OXIDOREDUCTASE,N,0.134,0.153,Y,33.86,N,Y,A,395,0,30-OCT-02,D.LEYS-C.G.MOWAT-K.J.MCLEAN-A.RICHMOND-S.K.CHAPMAN-M.D.WALKINSHAW-A.W.MUNRO,REFMAC 5,TATVLLEVPFSARGDRIPDAVAELRTREPIRKVRTITGAEAWLVSSYALCTQVLEDRRFSMKETAAAGAPRLNALTVPPEVVNNMGNIADAGLRKAVMKAITPKAPGLEQFLRDTANSLLDNLITEGAPADLRNDFADPLATALHCKVLGIPQEDGPKLFRSLSIAFMSSADPIPAAKINWDRDIEYMAGILENPNITTGLMGELSRLRKDPAYSHVSDELFATIGVTFFGAGVISTGSFLTTALISLIQRPQLRNLLHEKPELIPAGVEELLRINLSFADGLPRLATADIQVGDVLVRKGELVLVLLEGANFDPEHFPNPGSIELDRPNPTSHLAFGRGQHFCPGSALGRRHAQIGIEALLKKMPGVDLAVPIDQLVWRTRFQRRIPERLPVLW,XR,N,N,N,N,N
3QPA,0.85,HYDROLASE,N,0.110,0.117,Y,158.41,Y,Y,A,196,0,11-FEB-11,A.LU-Y.GOSSER-J.K.MONTCLARE-Z.LIU-X.KONG,PHENIX (PHENIX.REFINE: 1.6.1_357),GRTTRDDLINGNSASCADVIFIYARGSTETGNLGTLGPSIASNLESAFGKDGVWIQGVGGAYRATLGDNALPRGTSSAAIREMLGLFQQANTKCPDATLIAGGYQGAALAAASIEDLDSAIRDKIAGTVLFGYTKNLQNRGRIPNYPADRTKVFCNTGDLVCTGSLIVAAPHLAYGPDARGPAPEFLIEKVRAVRG,XR,N,Y,N,N,N
5TVY,1.00,HYDROLASE,N,0.108,0.122,Y,44.03,Y,Y,A,185,0,10-NOV-16,M.J.BICK-P.J.GREISEN-K.J.MOREY-M.S.ANTUNES-D.LA-B.SANKARAN-L.REYMOND-K.JOHNSSON-J.I.MEDFORD-D.BAKER,PHENIX DEV_2841,MSTDYWLNFTDGGGIVNAVNGSGGNYSVNWSNTGSFVVGKGWTTGSPFRTINYNAGVWAPNGWGALALVGWTRSPLIAYYVVDSWGTYRWTGTYKGTVKSDGGTYDIYTTTRYNAPSIDGDRTTFTQYWSVRQSKRPTGSNATITFSNHVNAWKSHGMNLGSNWAYQVMATAGYQSSGSSNVTVW,XR,N,Y,N,N,Y
5DGJ,1.00,HYDROLASE/HYDROLASE INHIBITOR,Y,0.143,0.154,Y,42.81,N,Y,A,166,0,27-AUG-15,V.C.DAMALANKA-Y.KIM-K.R.ALLISTON-P.M.WEERAWARNA-A.C.GALASITI KANKANAMALAGE-G.H.LUSHINGTON-N.MEHZABEEN-K.P.BATTAILE-S.LOVELL-K.O.CHANG-W.C.GROUTAS,PHENIX,APPTLWSRVTKFGSGWGFWVSPTVFITTTHVVPTGVKEFFGEPLSSIAIHQAGEFTQFRFSKKMRPDLTGMVLEEGCPEGTVCSVLIKRDSGELLPLAVRMGAIASMRIQGRLVHGQSGMLLTGANAKGMDLGDCGAPYVHKRGNDWVVCGVHAAATNTVVCAVQA,XR,N,Y,N,N,N
1O7J,1.00,HYDROLASE,N,0.110,0.128,Y,97.4,Y,Y,A,325,0,07-NOV-02,J.LUBKOWSKI-M.DAUTER-K.AGHAIYPOUR-A.WLODAWER-Z.DAUTER,SHELXL-97,KLPNIVILATGGTIAGSAATGTQTTGYKAGALGVDTLINAVPEVKKLANVKGEQFSNMASENMTGDVVLKLSQRVNELLARDDVDGVVITHGTDTVEESAYFLHLTVKSDKPVVFVAAMRPATAISADGPMNLLEAVRVAGDKQSRGRGVMVVINDRIGSARYITKTNASTLDTFRANEEGYLGVIIGNRIYYQNRIDKLHTTRSVFDVRGLTSLPKVDILYGYQDDPEYLYDAAIQHGVKGIVYAGMGAGSVSVRGIAGMRKALEKGVVVMRSTRTGNGIVPPDEELPGLVSDSLNPAHARILLMLALTRTSDPKVIQEYFHTY,XR,N,N,N,N,Y
3I06,1.10,HYDROLASE,N,0.120,0.142,Y,30.43,N,Y,A,215,0,24-JUN-09,B.T.MOTT-R.S.FERREIRA-A.SIMEONOV-A.JADHAV-K.K.ANG-W.LEISTER-M.SHEN-J.T.SILVEIRA-P.S.DOYLE-M.R.ARKIN-J.H.MCKERROW-J.INGLESE-C.P.AUSTIN-C.J.THOMAS-B.K.SHOICHET-D.J.MALONEY,REFMAC 5.2.0019,APAAVDWRARGAVTAVKDQGQCGSCWAFSAIGNVECQWFLAGHPLTNLSEQMLVSCDKTDSGCSGGLMNNAFEWIVQENNGAVYTEDSYPYASGEGISPPCTTSGHTVGATITGHVELPQDEAQIAAWLAVNGPVAVAVDASSWMTYTGGVMTSCVSEQLDHGVLLVGYNDSAAVPYWIIKNSWTTQWGEEGYIRIAKGSNQCLVKEEASSAVVG,XR,N,N,N,N,N
2YKZ,0.84,ELECTRON TRANSPORT,N,0.106,0.116,Y,31.54,Y,Y,A,126,0,30-MAY-11,S.V.ANTONYUK-N.RUSTAGE-C.A.PETERSEN-J.L.ARNST-D.J.HEYES-R.SHARMA-N.G.BERRY-N.S.SCRUTTON-R.R.EADY-C.R.ANDREW-S.S.HASNAIN,REFMAC 5.5.0106,FAKPEDAVKYRQSALTLMASHFGRMTPVVKGQAPYDAVQIKANVEVLKTLSALPWAAFGPGTEGGDARPEIWSDAASFKQKQQAFQDNIVKLSAAADAGDLDKLRAAFGDVGASCKACHDAYRKKK,XR,N,Y,N,N,N
3EWW,1.10,LYASE,Y,0.163,0.187,Y,43.09,N,Y,A,257,0,16-OCT-08,D.HEINRICH-U.DIEDERICHSEN-M.G.RUDOLPH,REFMAC 5.4.0067,MELSFGARAELPRIHPVASKLLRLMQKKETNLCLSADVSLARELLQLADALGPSICMLKTHVDILNDFTLDVMKELITLAKCHEFLIFENRKFADIGNTVKKQYEGGIFKIASWADLVNAHVVPGSGVVKGLQEVGLPLHRGCLLIAEMSSTGSLATGDYTRAAVRMAEEHSEFVVGFISGSRVSMKPEFLHLTPGVQLEAGGDNLGQQYNSPQEVIGKRGSDIIIVGRGIISAADRLEAAEMYRKAAWEAYLSRLG,XR,N,N,N,N,Y
5N8B,1.03,BIOTIN BINDING PROTEIN,N,0.139,0.155,Y,48.9,N,Y,H,125,0,23-FEB-17,V.I.LYAMICHEV-L.E.GOODRICH-E.H.SULLIVAN-R.M.BANNEN-J.BENZ-T.J.ALBERT-J.J.PATEL,REFMAC 5.8.0158,AGITGTWYNQLGSTFIVTAGADGALTGTYESAVGNAESRYVLTGRYDSAPATDGSGTALGWTVAWKNNYRNAHSATTWSGQYVGGAEARINTQWLLTSGTTEANAWKSTLVGHDTFTKVKPGITGTWYNQLGSTFIVTAGADGALTGTYESAVGNAESRYVLTGRYDSAPATDGSGTALGWTVAWKNNYRNAHSATTWSGQYVGGAEARINTQWLLTSGTTEANAWKSTLVGHDTFTKVKPAFPDYLAEYHGGAGITGTWYNQLGSTFIVTAGADGALTGTYESAVGNAESRYVLTGRYDSAPATDGSGTALGWTVAWKNNYRNAHSATTWSGQYVGGAEARINTQWLLTSGTTEANAWKSTLVGHDTFTKVKPSAASAFPDYLAEYHGGAFPDYLAEYHGGAGITGTWYNQLGSTFIVTAGADGALTGTYESAVGNAESRYVLTGRYDSAPATDGSGTALGWTVAWKNNYRNAHSATTWSGQYVGGAEARINTQWLLTSGTTEANAWKSTLVGHDTFTKVKPAFPDYLAEYHGG,XR,N,Y,N,N,N
3B64,1.03,CYTOKINE,N,0.139,0.157,Y,56.73,N,Y,A,112,0,27-OCT-07,D.KAMIR-S.ZIEROW-L.LENG-Y.CHO-Y.DIAZ-J.GRIFFITH-C.MCDONALD-M.MERK-R.A.MITCHELL-J.TRENT-Y.CHEN-Y.K.KWONG-H.XIONG-J.VERMEIRE-M.CAPPELLO-D.MCMAHON-PRATT-J.WALKER-J.BERNHAGEN-E.LOLIS-R.BUCALA,SHELXL-97,PVIQTFVSTPLDHHKRENLAQVYRAVTRDVLGKPEDLVMMTFHDSTPMHFFGSTDPVACVRVEALGGYGPSEPEKVTSIVTAAITKECGIVADRIFVLYFSPLHCGWNGTNF,XR,N,N,N,N,N
3AKQ,0.97,HYDROLASE,N,0.200,0.204,Y,23.9,N,Y,A,189,0,15-JUL-10,M.SUGAHARA-Y.KAGEYAMA-MORIKAWA-N.KUNISHIMA,CNS 1.1,TIQPGTGYNNGYFYSYWNDGHGGVTYTNGPGGQFSVNWSNSGNFVGGKGWQPGTKNKVINFSGSYNPNGNSYLSVYGWSRNPLIEYYIVENFGTYNPSTGATKLGEVTSDGSVYDIYRTQRVNQPSIIGTATFYQYWSVRRNHRSSGSVNTANHFNAWAQQGLTLGTMDYQIVAVEGYFSSGSASITVS,XR,N,N,N,Y,N
1LNI,1.00,HYDROLASE,N,0.116,NULL,Y,42.93,N,Y,A,96,0,03-MAY-02,J.SEVCIK-V.S.LAMZIN-Z.DAUTER-K.S.WILSON,SHELXL,DVSGTVCLSALPPEATDTLNLIASDGPFPYSQDGVVFQNRESVLPTQSYGYYHEYTVITPGARTRGTRRIITGEATQEDYYTGDHYATFSLIDQTC,XR,N,N,N,N,Y
6R4Z,1.05,HYDROLASE,Y,0.133,0.151,Y,43.43,Y,Y,E,198,0,24-MAR-19,C.PICHLO-L.JUETTEN-F.WOJTALLA-M.SCHACHERL-D.DIAZ-U.BAUMANN,PHENIX (1.15RC3_3435: ???),GSHMDSTTIQQNKDTLSQIVVFPTGNYDKNEANAMVNRLANIDGKYLNALKQNNLKIKLLSGKLTDEKEYAYLKGVVPKGWEGTGKTWDDVPGLGGSTVALRIGFSNKGKGHDAINLELHATAHAIDHIVLNDISKSAQFKQIFAKEGRSLGNVNFLGVYPEEFFAESFAYYYLNQDTNSKLKSACPQTYSFLQNLAKTTIQQNKDTLSQIVVFPTGNYDKNEANAMVNRLANIDGKYLNALKQNNLKIKLLSGKLTDEKEYAYLKGVVPKGWEGTGKTWDDVPGLGGSTVALRIGFSNKGKGHDAINLELHATAHAIDHIVLNDISKSAQFKQIFAKEGRSLGNVNFLGVYPEEFFAESFAYYYLNQDTNSKLKSACPQTYSFLQNLAKEVNPEVNP,XR,N,Y,N,N,N
1N9B,0.90,HYDROLASE,N,0.125,0.150,Y,43.93,N,Y,A,265,0,22-NOV-02,M.NUKAGA-K.MAYAMA-A.M.HUJER-R.A.BONOMO-J.R.KNOX,SHELXL-97,SPQPLEQIKLSESQLSGRVGMIEMDLASGRTLTAWRADERFPMMSTFKVVLCGAVLARVDAGDEQLERKIHYRQQDLVDYSPVSEKHLADGMTVGELCAAAITMSDNSAANLLLATVGGPAGLTAFLRQIGDNVTRLDRWETELNEALPGDARDTTTPASMAATLRKLLTSQRLSARSQRQLLQWMVDDRVAGPLIRSVLPAGWFIADKTGASERGARGIVALLGPNNKAERIVVIYLRDTPASMAERNQQIAGIGAALIEHWQR,XR,N,Y,N,N,N
5OAV,0.95,TRANSFERASE,Y,0.142,0.160,Y,45.34,Y,Y,D,57,0,23-JUN-17,A.CAMARA-ARTIGAS,PHENIX,TFVALYDYVSRTETDLSFKKGERLQIVNNTEGDWWLAHSLTTGRTGYIPSNYVAPSDAPPLPPRTFVALYDYVSRTETDLSFKKGERLQIVNNTEGDWWLAHSLTTGRTGYIPSNYVAPSDAPPLPPRNRPR,XR,N,Y,N,N,N
4A29,1.10,DE NOVO PROTEIN,N,0.120,0.137,Y,58.82,Y,Y,A,247,0,23-SEP-11,L.GIGER-S.CANER-R.OBEXER-P.KAST-D.BAKER-N.BAN-D.HILVERT,PHENIX (PHENIX.REFINE: 1.7.1_743),PRYLKGWLEDVVQLSLRRPSVRASRQRPIISLNERILEFNKRNITAIIAVYERKSPSGLDVERDPIEYAKFMERYAVGLSITTEEKYFNGSYETLRKIASSVSIPILMSDFIVKESQIDDAYNLGADTVLLIVKILTERELESLLEYARSYGMEPLILINDENDLDIALRIGARFIGIMSRDFETGEINKENQRKLISMIPSNVVKVAKLGISERNEIEELRKLGVNAFLISSSLMRNPEKIKELIE,XR,N,N,N,N,N
1R0R,1.10,HYDROLASE,Y,0.159,0.184,Y,49.7,N,Y,I,274,0,22-SEP-03,J.R.HORN-S.RAMASWAMY-K.P.MURPHY,REFMAC 5,AQTVPYGIPLIKADKVQAQGFKGANVKVAVLDTGIQASHPDLNVVGGASFVAGEAYNTDGNGHGTHVAGTVAALDNTTGVLGVAPSVSLYAVKVLNSSGSGSYSGIVSGIEWATTNGMDVINMSLGGASGSTAMKQAVDNAYARGVVVVAAAGNSGNSGSTNTIGYPAKYDSVIAVGAVDSNSNRASFSSVGAELEVMAPGAGVYSTYPTNTYATLNGTSMASPHVAGAAALILSKHPNLSASQVRNRLSSTATYLGSSFYYGKGLINVEAAAQVDCSEYPKPACTLEYRPLCGSDNKTYGNKCNFCNAVVESNGTLTLSHFGKC,XR,N,Y,N,N,N
1WY3,0.95,STRUCTURAL PROTEIN,N,0.145,0.171,Y,54.86,Y,Y,A,34,0,04-FEB-05,T.K.CHIU-J.KUBELKA-R.HERBST-IRMER-W.A.EATON-J.HOFRICHTER-D.R.DAVIES,SHELXL-97,LSDEDFKAVFGMTRSAFANLPLWQQHLKKEKGLF,XR,N,Y,N,N,N
4PLZ,1.05,OXIDOREDUCTASE,N,0.130,0.146,Y,34.7,N,Y,A,302,0,20-MAY-14,J.I.BOUCHER-J.R.JACOBOWITZ-B.C.BECKETT-S.CLASSEN-D.L.THEOBALD,PHENIX,KAKIVLVGSGMIGGVMATLIVQKNLGDVVLFDIVKNMPHGKALDTSHTNVMAYSNCKVSGSNTYDDLAGADVVIVTAGFRDDLLPLNNKIMIEIGGHIKKNCPNAFIIVVTNPVDVMVQLLHQHSGVPKNKIIGLGGVLDTSRLKYYISQKLNVCPRDVNAHIVGAHGNKMVLLKRYITVGGIPLQEFINNKLISDAELEAIFDRTVNTALEIVNLHASPYVAPAAAIIEMAESYLKDLKKVLICSTLLEGQYGHSDIFGGTPVVLGANGVEQVIELQLNSEEKAKFDEAIAETKRMKALAH,XR,N,Y,N,N,N
5O45,0.99,CELL CYCLE,Y,0.114,0.137,Y,50.52,Y,Y,B,129,0,26-MAY-17,K.MAGIERA-MULARZ-L.SKALNIAK-K.M.ZAK-B.MUSIELAK-E.RUDZINSKA-SZOSTAK-J.KOCIK-P.GRUDNIK-D.SALA-T.ZARGANES-TZITZIKAS-S.SHAABANI-A.DOMLING-G.DUBIN-T.A.HOLAK,PHENIX 1.11.1_2575,NAFTVTVPKDLYVVEYGSNMTIECKFPVEKQLDLAALIVYWEMEDKNIIQFVHGEEDLKVQHSSYRQRARLLKDQLSLGNAALQITDVKLQDAGVYRCMISYGGADYKRITVKVNAPYAAALEHHHHHHFDVYWYLG,XR,N,Y,N,N,N
4RBX,1.10,ANTIMICROBIAL PROTEIN,N,0.186,0.188,Y,41.15,Y,Y,A,32,0,13-SEP-14,C.WANG-M.SHEN-N.GOHAIN-W.D.TOLBERT-F.CHEN-N.ZHANG-K.YANG-A.WANG-Y.SU-T.CHENG-J.ZHAO-M.PAZGIER-J.WANG,PHENIX (PHENIX.REFINE: 1.9_1692),ATCYCRTGRCATRESLSGVCRISGRLYRLCCR,XR,N,N,N,N,N
4AFF,1.05,SIGNALING PROTEIN,Y,0.13,0.14,Y,44.77,N,Y,A,110,0,19-JAN-12,K.ZETH-O.FOKINA-K.FORCHHAMMER,REFMAC 5.5.0109,MKKIEAIIRPFKLDEVKIALVNAGIVGMTVSEVRGFGRQKRGSEYTVEFLQKLKLEIVVEDAQVDTVIDKIVAAARTGENGDGKIFVSPVDQTIRIRTGEKNADAISAWS,XR,N,Y,N,N,N
1IX9,0.90,OXIDOREDUCTASE,N,0.107,0.127,Y,59.74,N,Y,A,205,0,17-JUN-02,B.F.ANDERSON-R.A.EDWARDS-M.M.WHITTAKER-J.W.WHITTAKER-E.N.BAKER-G.B.JAMESON,SHELXL-97,SYTLPSLPYAYDALEPHFDKQTMEIHHTKHHQTYVNNANAALESLPEFANLPVEELITKLDQLPADKKTVLRNNAGGHANHSLFWKGLKKGTTLQGDLKAAIERDFGSVDNFKAEFEKAAASRFGSGWAWLVLKGDKLAVVSTANQDSPLMGEAISGASGFPIMGLDVWEHAYFLKFQNRRPDYIKEFWNVVNWDEAAARFAAKK,XR,N,Y,N,N,Y
3O5Q,0.96,ISOMERASE,N,0.131,0.152,Y,28.43,N,Y,A,128,0,28-JUL-10,A.BRACHER-C.KOZANY-A.K.THOST-F.HAUSCH,REFMAC 5.2.0019,GAPATVTEQGEDITSKKDRGVLKIVKRVGNGEETPMIGDKVYVHYKGKLSNGKKFDSSHDRNEPFVFSLGKGQVIKAWDIGVATMKKGEICHLLCKPEYAYGSAGSLPKIPSNATLFFEIELLDFKGE,XR,N,N,N,N,N
5QU8,0.93,SIGNALING PROTEIN,N,0.151,0.182,Y,103.66,N,Y,A,58,0,28-JAN-20,K.RICHTER-A.TOPP-D.SCHLATTER-M.G.RUDOLPH,REFMAC 5.8.0238,EVVVVAKFDYVAQQEQELDIKKNERLWLLDDSKSWWRVRNSMNKTGFVPSNYVERKNS,XR,N,N,N,N,N
4O6U,0.89,HEME BINDING PROTEIN,N,0.125,0.134,Y,24.73,N,Y,A,182,0,23-DEC-13,R.KUMAR-H.MATSUMURA-S.LOVELL-H.YAO-J.C.RODRIGUEZ-K.P.BATTAILE-P.MOENNE-LOCCOZ-M.RIVERA,PHENIX DEV_730,SISISYSTTYSGWTVADYLADWSAYFGDVNHRPGQVVDGSNTGGFNPGPFDGSQYALKSTASDAAFIAGGDLHYTLFSNPSATLWGKLDSIALGDTLTGGASSGGYALDSQEVSFSNLGLDSPIAQGRDGTVHKVVYGLMSGDSSALQGQIDALLKAVDPSLSINSTFDQLAAAGVAHATPA,XR,N,N,N,N,N
5NCG,1.02,CELL ADHESION,Y,0.126,0.149,Y,37.6,Y,Y,A,111,0,04-MAR-17,M.BARONE-M.MULLER-R.OPITZ-Y.ROSKE-A.SOICKE-S.CHIHA-S.KLEIN-H.G.SCHMALZ-R.KUHNE,PHENIX (1.11.1_2575: ???),MSEQSICQARAAVMVYDDANKKWVPAGGSTGFSRVHIYHHTGNNTFRVVGRKIQDHQVVINCAIPKGLKYNQATQTFHQWRDARQVYGLNFGSKEDANVFASAMMHALEVL,XR,N,Y,N,N,Y
2NLS,0.98,ANTIMICROBIAL PROTEIN,N,0.106,0.124,Y,26.42,N,Y,A,36,0,20-OCT-06,M.PAZGIER-A.PRAHL-D.M.HOOVER-J.LUBKOWSKI,REFMAC,DHYNCVSSGGQCLYSACPIFTKIQGTCYRGEAKCCK,XR,N,N,N,N,N
6EUW,1.00,RNA BINDING PROTEIN,N,0.141,0.164,Y,67.35,N,Y,A,156,0,31-OCT-17,A.PFLUG-S.GAUDON-P.RESA-INFANTE-M.LETHIER-S.REICH-W.M.SCHULZE-S.CUSACK,REFMAC 5.8.0158,ISSSFSFGGFTFKRTSGSSVKKEEEVLTGNLQTLKIRVHEGYEEFTMVGRRATAILRKATRRLIQLIVSGRDEQSIAEAIIVAMVFSQEDCMIKAVRGDLNLNPMHQLLRHFQKDAKVLFQNWGIEPIDNVMGMIGILPDMTPSTEMSLRGVRVSK,XR,N,Y,N,N,N
4E9S,1.06,METAL BINDING PROTEIN,N,0.127,NULL,Y,96.53,N,Y,A,476,0,21-MAR-12,K.KATAOKA-H.KOMORI-Y.UEKI-Y.KONNO-Y.KAMITAKA-S.KUROSE-S.TSUJIMURA-Y.HIGUCHI-K.KANO-D.SEO-T.SAKURAI,SHELXL-97,AERPTLPIPDLLTTDARNRIQLTIGAGQSTFGGKTATTWGYNGNLLGPAVKLQRGKAVTVDIYNQLTEETTLHWHGLEVPGEVDGGPQGIIPPGGKRSVTLNVDQPAATCWFHPHQHGKTGRQVAMGLAGLVVIEDDEILKLMLPKQWGIDDVPVIVQDKKFSADGQIDYQLDVMTAAVGWFGDTLLTNGAIYPQHAAPRGWLRLRLLNGCNARSLNFATSDNRPLYVIASDGGLLPEPVKVSELPVLMGERFEVLVEVNDNKPFDLVTLPVSQMGMAIAPFDKPHPVMRIQPIAISASGALPDTLSSLPALPSLEGLTVRKLQLSMDPMLDMMGMQMLMEKYGDQAMAGMDHHMNHGGKFDFHHANKINGQAFDMNKPMFAAAKGQYERWVISGVGDMMLHPFHIHGTQFRILSENGKPPAAHRAGWKDTVKVEGNVSEVLVKFNHDAPKEHAYMAHCHLLEHEDTGMMLGFTVG,XR,N,Y,N,N,N
3NGP,1.08,STRUCTURAL PROTEIN,N,0.169,0.185,Y,50.34,N,Y,A,57,0,12-JUN-10,A.CAMARA-ARTIGAS-M.ANDUJAR-SANCHEZ-E.ORTIZ-SALMERON-C.CUADRI-E.S.COBOS-J.M.MARTIN-GARCIA,PHENIX (PHENIX.REFINE: 1.6.1_357),KELVLVLYDYQEKSPRELTVKKGDILTLLNSTNKDWWKIEVNGRQGFVPAAYLKKLD,XR,N,N,N,N,N