AminoCode,AminoName,AminoLetter,Hydro,Hydropathy,Volume,Donicity,Chemical,Physio,Charge,Polar,Formula,Chain,Chi1,Chi2,Chi3,Chi4,Chi5,
ALA,Alanine,A,1.8,Phob,88.6,None,Aliphatic,Aliphatic,0,F,CH3-CH(NH2)-COOH,N-CA-C-O-CB,None,None,None,None,None,
CYS,Cysteine,C,2.5,Phob,108.5,None,Sulfur,Sulfur,0,F,HS-CH2-CH(NH2)-COOH,N-CA-C-O-CB-SG,N-CA-CB-SG,None,None,None,None,
ASP,Aspartate,D,-3.5,Phil,111.1,Acceptor,Acidic,Acidic,-1,T,HOOC-CH2-CH(NH2)-COOH,N-CA-C-O-CB-CG-OD1-OD2,N-CA-CB-CG,CA-CB-CG-OD1,None,None,None,
GLU,Glutamate,E,-3.5,Phil,138.4,Acceptor,Acidic,Acidic,-1,T,HOOC-(CH2)2-CH(NH2)-COOH,N-CA-C-O-CB-CG-CD-OE1-OE2,N-CA-CB-CG,CA-CB-CG-CD,CB-CG-CD-OE1,None,None,
PHE,Phenylalanine,F,2.8,Phob,189.9,None,Aromatic,F,0,F,Ph-CH2-CH(NH2)-COOH,N-CA-C-O-CB-CG-CD1-CD2-CE1-CE2,N-CA-CB-CG,CA-CB-CG-CD1,None,None,None,
GLY,Glycine,G,-0.4,Neutral,60.1,None,Aliphatic,G,0,F,NH2-CH2-COOH,N-CA-C-O,None,None,None,None,None,
HIS,Histidine,H,2.5,Neutral,108.5,Both,Basic,Basic,1,T,NH-CH=N-CH=C-CH2-CH(NH2)-COOH,N-CA-C-O-CB-CG-ND1-CD2-CE1-NE2,N-CA-CB-CG,CA-CB-CG-ND1,None,None,None,
ILE,Isoleucine,I,4.5,Phob,166.7,None,Aliphatic,Aliphatic,0,F,CH3-CH2-CH(CH3)-CH(NH2)-COOH,N-CA-C-O-CB-CG1-CG2-CD1,N-CA-CB-CG1,CA-CB-CG1-CD1,None,None,None,
LYS,Lysine,K,-3.9,Phil,168.6,Donor,Basic,Basic,1,T,H2N-(CH2)4-CH(NH2)-COOH,N-CA-C-O-CB-CG-CD-CE-NZ,N-CA-CB-CG,CA-CB-CG-CD,CB-CG-CD-CE,CG-CD-CE-NZ,None,
LEU,Leucine,L,3.5,Phob,166.7,None,Aliphatic,Aliphatic,0,F,(CH3)2-CH-CH2-CH(NH2)-COOH,N-CA-C-O-CB-CG-CD1-CD2,N-CA-CB-CG,CA-CB-CG-CD1,None,None,None,
MET,Methionine,M,1.9,Phob,162.9,None,Sulfur,Sulfur,0,F,CH3-S-(CH2)2-CH(NH2)-COOH,N-CA-C-O-CB-CG-SD-CE,N-CA-CB-CG,CA-CB-CG-SD,CB-CG-SD-CE,None,None,
ASN,Asparagine,N,-3.5,Phil,114.1,Both,Amide,Amide,0,T,H2N-CO-CH2-CH(NH2)-COOH,N-CA-C-O-CB-CG-OD1-ND2,N-CA-CB-CG,CA-CB-CG-OD1,None,None,None,
PRO,Proline,P,-1.6,Neutral,112.7,None,Aliphatic,P,0,F,NH-(CH2)3-CH-COOH,N-CA-C-O-CB-CG-CD,N-CA-CB-CG,CA-CB-CG-CD,None,None,None,
GLN,Glutamine,Q,-3.5,Phil,143.8,Both,Amide,Amide,0,T,H2N-CO-(CH2)2-CH(NH2)-COOH,N-CA-C-O-CB-CG-CD-OE1-NE2,N-CA-CB-CG,CA-CB-CG-CD,CB-CG-CD-OE1,None,None,
ARG,Arginine,R,-4.5,Phil,173.4,Donor,Basic,Basic,1,T,HN=C(NH2)-NH-(CH2)3-CH(NH2)-COOH,N-CA-C-O-CB-CG-CD-NE-CZ-NH1-NH2,N-CA-CB-CG,CA-CB-CG-CD,CB-CG-CD-NE,CG-CD-NE-CZ,CD-NE-CZ-NH1,
SER,Serine,S,-0.8,Neutral,89,Both,Hydroxyl,Hydroxyl,0,T,HO-CH2-CH(NH2)-COOH,N-CA-C-O-CB-OG,N-CA-CB-OG,None,None,None,None,
THR,Threonine,T,-0.7,Neutral,116.1,Both,Hydroxyl,Hydroxyl,0,T,CH3-CH(OH)-CH(NH2)-COOH,N-CA-C-O-CB-OG1-CG2,N-CA-CB-OG1,None,None,None,None,
VAL,Valine,V,4.2,Phob,140,None,Aliphatic,Aliphatic,0,F,(CH3)2-CH-CH(NH2)-COOH,N-CA-C-O-CB-CG1-CG2,N-CA-CB-CG1,None,None,None,None,
TRP,Tryptophan,W,-0.8,Phob,227.8,Donor,Aromatic,W,0,F,Ph-NH-CH=C-CH2-CH(NH2)-COOH,N-CA-C-O-CB-CG-CD1-CD2-NE1-CE2-CE3-CZ2-CZ3-CH2,N-CA-CB-CG,CA-CB-CG-CD1,None,None,None,
TYR,Tyrosine,Y,-1.3,Phob,193.6,Both,Aromatic,Y,0,T,HO-Ph-CH2-CH(NH2)-COOH,N-CA-C-O-CB-CG-CD1-CD2-CE1-CE2-CZ-OH,N-CA-CB-CG,CA-CB-CG-CD1,None,None,None,
