AminoAcid,GeoType,Atoms
#Previous and next atoms,,
*,BOND,CP-N
*,BOND,C-NPP
*,BOND,NP-CA
#Previous and next CAs,,
*,CALPHA,CAP-CA
*,CALPHA,CA-CAPP
*,CALPHA,CAP-CA-CAPP
*,CALPHA,CAP2-CA
*,CALPHA,CAP3-CA
*,CALPHA,CAP4-CA
*,CALPHA,CAP5-CA
*,CALPHA,CAP6-CA
*,CALPHA,CA-CAPP2
*,CALPHA,CA-CAPP3
*,CALPHA,CA-CAPP4
*,CALPHA,CA-CAPP5
*,CALPHA,CA-CAPP6
#Main chain angles,,
*,ANGLE,N-CA-C
*,ANGLE,CA-C-O
#Angles previous and next,,
*,ANGLE,CAP-CA-CAPP
#Chi, Psi and OMEGA
*,DIHEDRAL,CP-N-CA-C
*,DIHEDRAL,N-CA-C-NPP
*,DIHEDRAL,CA-C-NPP-CAPP
#1-4 for all,,
*,ONEFOUR,CB-O
*,ONEFOUR,N-O
#1-4,,
ILE,ONEFOUR,CD1-CG2
ILE,ONEFOUR,CG1-N
ILE,ONEFOUR,CG1-C
ILE,ONEFOUR,CG2-N
ILE,ONEFOUR,CG2-C
HIS,ONEFOUR,CE1-CB
HIS,ONEFOUR,NE2-CB
HIS,ONEFOUR,CD2-CA
HIS,ONEFOUR,ND1-CA
HIS,ONEFOUR,CG-N
HIS,ONEFOUR,CG-C
MET,ONEFOUR,CG-C
MET,ONEFOUR,CG-N
MET,ONEFOUR,CA-SD
MET,ONEFOUR,CB-CE
#Bonds From topallhdg5.3[21224].pro,,
ALA,BOND,CA-C
ALA,BOND,CA-CB
ALA,BOND,CA-HA
ALA,BOND,CB-HB1
ALA,BOND,CB-HB2
ALA,BOND,CB-HB3
ALA,BOND,C-O
ALA,BOND,N-CA
ALA,BOND,N-HN
ARG,BOND,CA-C
ARG,BOND,CA-CB
ARG,BOND,CA-HA
ARG,BOND,CB-CG
ARG,BOND,CB-HB1
ARG,BOND,CB-HB2
ARG,BOND,CD-HD1
ARG,BOND,CD-HD2
ARG,BOND,CD-NE
ARG,BOND,CG-CD
ARG,BOND,CG-HG1
ARG,BOND,CG-HG2
ARG,BOND,C-O
ARG,BOND,CZ-NH1
ARG,BOND,CZ-NH2
ARG,BOND,N-CA
ARG,BOND,NE-CZ
ARG,BOND,NE-HE
ARG,BOND,NH1-HH11
ARG,BOND,NH1-HH12
ARG,BOND,NH2-HH21
ARG,BOND,NH2-HH22
ARG,BOND,N-HN
ASN,BOND,CA-C
ASN,BOND,CA-CB
ASN,BOND,CA-HA
ASN,BOND,CB-CG
ASN,BOND,CB-HB1
ASN,BOND,CB-HB2
ASN,BOND,CG-ND2
ASN,BOND,CG-OD1
ASN,BOND,C-O
ASN,BOND,N-CA
ASN,BOND,ND2-HD21
ASN,BOND,ND2-HD22
ASN,BOND,N-HN
ASP,BOND,CA-C
ASP,BOND,CA-CB
ASP,BOND,CA-HA
ASP,BOND,CB-CG
ASP,BOND,CB-HB1
ASP,BOND,CB-HB2
ASP,BOND,CG-OD1
ASP,BOND,CG-OD2
ASP,BOND,C-O
ASP,BOND,N-CA
ASP,BOND,N-HN
CYS,BOND,CA-C
CYS,BOND,CA-CB
CYS,BOND,CA-HA
CYS,BOND,CB-HB1
CYS,BOND,CB-HB2
CYS,BOND,CB-SG
CYS,BOND,C-O
CYS,BOND,N-CA
CYS,BOND,N-HN
CYS,BOND,SG-HG
GLN,BOND,CA-C
GLN,BOND,CA-CB
GLN,BOND,CA-HA
GLN,BOND,CB-CG
GLN,BOND,CB-HB1
GLN,BOND,CB-HB2
GLN,BOND,CD-NE2
GLN,BOND,CD-OE1
GLN,BOND,CG-CD
GLN,BOND,CG-HG1
GLN,BOND,CG-HG2
GLN,BOND,C-O
GLN,BOND,N-CA
GLN,BOND,NE2-HE21
GLN,BOND,NE2-HE22
GLN,BOND,N-HN
GLU,BOND,CA-C
GLU,BOND,CA-CB
GLU,BOND,CA-HA
GLU,BOND,CB-CG
GLU,BOND,CB-HB1
GLU,BOND,CB-HB2
GLU,BOND,CD-OE1
GLU,BOND,CD-OE2
GLU,BOND,CG-CD
GLU,BOND,CG-HG1
GLU,BOND,CG-HG2
GLU,BOND,C-O
GLU,BOND,N-CA
GLU,BOND,N-HN
GLY,BOND,CA-C
GLY,BOND,CA-HA1
GLY,BOND,CA-HA2
GLY,BOND,C-O
GLY,BOND,N-CA
GLY,BOND,N-HN
HIS,BOND,CA-C
HIS,BOND,CA-CB
HIS,BOND,CA-HA
HIS,BOND,CB-CG
HIS,BOND,CB-HB1
HIS,BOND,CB-HB2
HIS,BOND,CD2-HD2
HIS,BOND,CD2-NE2
HIS,BOND,CE1-HE1
HIS,BOND,CE1-NE2
HIS,BOND,CG-CD2
HIS,BOND,CG-ND1
HIS,BOND,C-O
HIS,BOND,N-CA
HIS,BOND,ND1-CE1
HIS,BOND,ND1-HD1
HIS,BOND,NE2-HE2
HIS,BOND,N-HN
ILE,BOND,CA-C
ILE,BOND,CA-CB
ILE,BOND,CA-HA
ILE,BOND,CB-CG1
ILE,BOND,CB-CG2
ILE,BOND,CB-HB
ILE,BOND,CD1-HD11
ILE,BOND,CD1-HD12
ILE,BOND,CD1-HD13
ILE,BOND,CG1-CD1
ILE,BOND,CG1-HG11
ILE,BOND,CG1-HG12
ILE,BOND,CG2-HG21
ILE,BOND,CG2-HG22
ILE,BOND,CG2-HG23
ILE,BOND,C-O
ILE,BOND,N-CA
ILE,BOND,N-HN
LEU,BOND,CA-C
LEU,BOND,CA-CB
LEU,BOND,CA-HA
LEU,BOND,CB-CG
LEU,BOND,CB-HB1
LEU,BOND,CB-HB2
LEU,BOND,CD1-HD11
LEU,BOND,CD1-HD12
LEU,BOND,CD1-HD13
LEU,BOND,CD2-HD21
LEU,BOND,CD2-HD22
LEU,BOND,CD2-HD23
LEU,BOND,CG-CD1
LEU,BOND,CG-CD2
LEU,BOND,CG-HG
LEU,BOND,C-O
LEU,BOND,N-CA
LEU,BOND,N-HN
LYS,BOND,CA-C
LYS,BOND,CA-CB
LYS,BOND,CA-HA
LYS,BOND,CB-CG
LYS,BOND,CB-HB1
LYS,BOND,CB-HB2
LYS,BOND,CD-CE
LYS,BOND,CD-HD1
LYS,BOND,CD-HD2
LYS,BOND,CE-HE1
LYS,BOND,CE-HE2
LYS,BOND,CE-NZ
LYS,BOND,CG-CD
LYS,BOND,CG-HG1
LYS,BOND,CG-HG2
LYS,BOND,C-O
LYS,BOND,N-CA
LYS,BOND,N-HN
LYS,BOND,NZ-HZ1
LYS,BOND,NZ-HZ2
LYS,BOND,NZ-HZ3
MET,BOND,CA-C
MET,BOND,CA-CB
MET,BOND,CA-HA
MET,BOND,CB-CG
MET,BOND,CB-HB1
MET,BOND,CB-HB2
MET,BOND,CE-HE1
MET,BOND,CE-HE2
MET,BOND,CE-HE3
MET,BOND,CG-HG1
MET,BOND,CG-HG2
MET,BOND,CG-SD
MET,BOND,C-O
MET,BOND,N-CA
MET,BOND,N-HN
MET,BOND,SD-CE
PHE,BOND,CA-C
PHE,BOND,CA-CB
PHE,BOND,CA-HA
PHE,BOND,CB-CG
PHE,BOND,CB-HB1
PHE,BOND,CB-HB2
PHE,BOND,CD1-CE1
PHE,BOND,CD1-HD1
PHE,BOND,CD2-CE2
PHE,BOND,CD2-HD2
PHE,BOND,CE1-CZ
PHE,BOND,CE1-HE1
PHE,BOND,CE2-CZ
PHE,BOND,CE2-HE2
PHE,BOND,CG-CD1
PHE,BOND,CG-CD2
PHE,BOND,C-O
PHE,BOND,CZ-HZ
PHE,BOND,N-CA
PHE,BOND,N-HN
PRO,BOND,CA-C
PRO,BOND,CA-CB
PRO,BOND,CA-HA
PRO,BOND,CB-CG
PRO,BOND,CB-HB1
PRO,BOND,CB-HB2
PRO,BOND,CD-HD1
PRO,BOND,CD-HD2
PRO,BOND,CD-N
PRO,BOND,CG-CD
PRO,BOND,CG-HG1
PRO,BOND,CG-HG2
PRO,BOND,C-O
PRO,BOND,N-CA
SER,BOND,CA-CB
SER,BOND,CA-HA
SER,BOND,CB-HB1
SER,BOND,CB-HB2
SER,BOND,CB-OG
SER,BOND,C-CA
SER,BOND,N-CA
SER,BOND,N-HN
SER,BOND,O-C
SER,BOND,OG-HG
THR,BOND,CA-C
THR,BOND,CA-CB
THR,BOND,CA-HA
THR,BOND,CB-CG2
THR,BOND,CB-HB
THR,BOND,CB-OG1
THR,BOND,CG2-HG21
THR,BOND,CG2-HG22
THR,BOND,CG2-HG23
THR,BOND,C-O
THR,BOND,N-CA
THR,BOND,N-HN
THR,BOND,OG1-HG1
TRP,BOND,CA-C
TRP,BOND,CA-CB
TRP,BOND,CA-HA
TRP,BOND,CB-CG
TRP,BOND,CB-HB1
TRP,BOND,CB-HB2
TRP,BOND,CD1-HD1
TRP,BOND,CD1-NE1
TRP,BOND,CD2-CE2
TRP,BOND,CD2-CE3
TRP,BOND,CE2-CZ2
TRP,BOND,CE3-CZ3
TRP,BOND,CE3-HE3
TRP,BOND,CG-CD1
TRP,BOND,CG-CD2
TRP,BOND,CH2-HH2
TRP,BOND,C-O
TRP,BOND,CZ2-CH2
TRP,BOND,CZ2-HZ2
TRP,BOND,CZ3-CH2
TRP,BOND,CZ3-HZ3
TRP,BOND,N-CA
TRP,BOND,NE1-CE2
TRP,BOND,NE1-HE1
TRP,BOND,N-HN
TYR,BOND,CA-C
TYR,BOND,CA-CB
TYR,BOND,CA-HA
TYR,BOND,CB-CG
TYR,BOND,CB-HB1
TYR,BOND,CB-HB2
TYR,BOND,CD1-CE1
TYR,BOND,CD1-HD1
TYR,BOND,CD2-CE2
TYR,BOND,CD2-HD2
TYR,BOND,CE1-CZ
TYR,BOND,CE1-HE1
TYR,BOND,CE2-CZ
TYR,BOND,CE2-HE2
TYR,BOND,CG-CD1
TYR,BOND,CG-CD2
TYR,BOND,C-O
TYR,BOND,CZ-OH
TYR,BOND,N-CA
TYR,BOND,N-HN
TYR,BOND,OH-HH
VAL,BOND,CA-C
VAL,BOND,CA-CB
VAL,BOND,CA-HA
VAL,BOND,CB-CG1
VAL,BOND,CB-CG2
VAL,BOND,CB-HB
VAL,BOND,CG1-HG11
VAL,BOND,CG1-HG12
VAL,BOND,CG1-HG13
VAL,BOND,CG2-HG21
VAL,BOND,CG2-HG22
VAL,BOND,CG2-HG23
VAL,BOND,C-O
VAL,BOND,N-CA
VAL,BOND,N-HN
#Dihedral From topallhdg5.3[21224].pro,,
ALA,DIHEDRAL,HB1-CB-CA-C
ARG,DIHEDRAL,CD-CG-CB-CA
ARG,DIHEDRAL,CG-CB-CA-N
ARG,DIHEDRAL,CZ-NE-CD-CG
ARG,DIHEDRAL,NE-CD-CG-CB
ASN,DIHEDRAL,CG-CB-CA-N
ASN,DIHEDRAL,OD1-CG-CB-CA
ASP,DIHEDRAL,CG-CB-CA-N
ASP,DIHEDRAL,OD1-CG-CB-CA
CYS,DIHEDRAL,SG-CB-CA-N
GLN,DIHEDRAL,CD-CG-CB-CA
GLN,DIHEDRAL,CG-CB-CA-N
GLN,DIHEDRAL,OE1-CD-CG-CB
GLU,DIHEDRAL,CD-CG-CB-CA
GLU,DIHEDRAL,CG-CB-CA-N
GLU,DIHEDRAL,OE1-CD-CG-CB
HIS,DIHEDRAL,CD2-CG-CB-CA
HIS,DIHEDRAL,CG-CB-CA-N
HIS,DIHEDRAL,ND1-CG-CB-CA
ILE,DIHEDRAL,CD1-CG1-CB-CA
ILE,DIHEDRAL,CG1-CB-CA-N
ILE,DIHEDRAL,HD11-CD1-CG1-CB
ILE,DIHEDRAL,HG21-CG2-CB-CA
LEU,DIHEDRAL,CD1-CG-CB-CA
LEU,DIHEDRAL,CG-CB-CA-N
LEU,DIHEDRAL,HD11-CD1-CG-CB
LEU,DIHEDRAL,HD21-CD2-CG-CB
LYS,DIHEDRAL,CD-CG-CB-CA
LYS,DIHEDRAL,CE-CD-CG-CB
LYS,DIHEDRAL,CG-CB-CA-N
LYS,DIHEDRAL,HZ1-NZ-CE-CD
LYS,DIHEDRAL,NZ-CE-CD-CG
MET,DIHEDRAL,CE-SD-CG-CB
MET,DIHEDRAL,CG-CB-CA-N
MET,DIHEDRAL,HE1-CE-SD-CG
MET,DIHEDRAL,SD-CG-CB-CA
PHE,DIHEDRAL,CD1-CG-CB-CA
PHE,DIHEDRAL,CG-CB-CA-N
SER,DIHEDRAL,H-OG-CB-CA
SER,DIHEDRAL,OG-CB-CA-N
THR,DIHEDRAL,HG21-CG2-CB-CA
THR,DIHEDRAL,H-OG1-CB-CA
THR,DIHEDRAL,OG1-CB-CA-N
TRP,DIHEDRAL,CD1-CG-CB-CA
TRP,DIHEDRAL,CG-CB-CA-N
TYR,DIHEDRAL,CD1-CG-CB-CA
TYR,DIHEDRAL,CG-CB-CA-N
TYR,DIHEDRAL,HH-OH-CZ-CE2
VAL,DIHEDRAL,CG1-CB-CA-N
VAL,DIHEDRAL,HG11-CG1-CB-CA
VAL,DIHEDRAL,HG21-CG2-CB-CA
#Improper From topallhdg5.3[21224].pro,,
ALA,IMPROPER,HA-N-C-CB
ALA,IMPROPER,HB1-HB2-CA-HB3
ARG,IMPROPER,CZ-NE-NH1-NH2
ARG,IMPROPER,CZ-NH2-HE-NE
ARG,IMPROPER,HA-N-C-CB
ARG,IMPROPER,HB1-HB2-CA-CG
ARG,IMPROPER,HD1-HD2-CG-NE
ARG,IMPROPER,HG1-HG2-CB-CD
ARG,IMPROPER,NE-CD-CZ-HE
ARG,IMPROPER,NE-CZ-NH1-HH11
ARG,IMPROPER,NE-CZ-NH2-HH21
ARG,IMPROPER,NH1-CZ-HH11-HH12
ARG,IMPROPER,NH2-CZ-HH21-HH22
ASN,IMPROPER,CB-CG-ND2-HD21
ASN,IMPROPER,CG-CB-OD1-ND2
ASN,IMPROPER,HA-N-C-CB
ASN,IMPROPER,HB1-HB2-CA-CG
ASN,IMPROPER,ND2-CG-HD21-HD22
ASP,IMPROPER,CG-CB-OD1-OD2
ASP,IMPROPER,HA-N-C-CB
ASP,IMPROPER,HB1-HB2-CA-CG
CYS,IMPROPER,HA-N-C-CB
CYS,IMPROPER,HB1-HB2-CA-SG
GLN,IMPROPER,CD-CG-OE1-NE2
GLN,IMPROPER,CG-CD-NE2-HE21
GLN,IMPROPER,HA-N-C-CB
GLN,IMPROPER,HB1-HB2-CA-CG
GLN,IMPROPER,HG1-HG2-CB-CD
GLN,IMPROPER,NE2-CD-HE21-HE22
GLU,IMPROPER,CD-CG-OE1-OE2
GLU,IMPROPER,HA-N-C-CB
GLU,IMPROPER,HB1-HB2-CA-CG
GLU,IMPROPER,HG1-HG2-CB-CD
GLY,IMPROPER,HA1-HA2-N-C
HIS,IMPROPER,CD2-CG-ND1-CE1
HIS,IMPROPER,CD2-NE2-CG-HD2
HIS,IMPROPER,CE1-ND1-NE2-HE1
HIS,IMPROPER,CE1-NE2-CD2-CG
HIS,IMPROPER,CG-CB-ND1-CD2
HIS,IMPROPER,CG-ND1-CE1-NE2
HIS,IMPROPER,HA-N-C-CB
HIS,IMPROPER,HB1-HB2-CA-CG
HIS,IMPROPER,ND1-CE1-CG-HD1
HIS,IMPROPER,ND1-CE1-NE2-CD2
HIS,IMPROPER,NE2-CD2-CG-ND1
ILE,IMPROPER,HA-N-C-CB
ILE,IMPROPER,HB-CA-CG2-CG1
ILE,IMPROPER,HD11-HD12-CG1-HD13
ILE,IMPROPER,HG11-HG12-CB-CD1
ILE,IMPROPER,HG21-HG22-CB-HG23
LEU,IMPROPER,HA-N-C-CB
LEU,IMPROPER,HB1-HB2-CA-CG
LEU,IMPROPER,HD11-HD12-CG-HD13
LEU,IMPROPER,HD21-HD22-CG-HD23
LEU,IMPROPER,HG-CB-CD1-CD2
LYS,IMPROPER,HA-N-C-CB
LYS,IMPROPER,HB1-HB2-CA-CG
LYS,IMPROPER,HD1-HD2-CG-CE
LYS,IMPROPER,HE1-HE2-CD-NZ
LYS,IMPROPER,HG1-HG2-CB-CD
LYS,IMPROPER,HZ1-HZ2-CE-HZ3
MET,IMPROPER,HA-N-C-CB
MET,IMPROPER,HB1-HB2-CA-CG
MET,IMPROPER,HE1-HE2-SD-HE3
MET,IMPROPER,HG1-HG2-CB-SD
PHE,IMPROPER,CB-CG-CD2-CE2
PHE,IMPROPER,CD1-CE1-CZ-CE2
PHE,IMPROPER,CD2-CG-CD1-CE1
PHE,IMPROPER,CE1-CZ-CE2-CD2
PHE,IMPROPER,CE2-CD2-CG-CD1
PHE,IMPROPER,CG-CD1-CE1-CZ
PHE,IMPROPER,CZ-CE2-CD2-CG
PHE,IMPROPER,HA-N-C-CB
PHE,IMPROPER,HB1-HB2-CA-CG
PHE,IMPROPER,HD1-CD1-CG-CD2
PHE,IMPROPER,HD2-CD2-CE2-CZ
PHE,IMPROPER,HE1-CE1-CD1-CG
PHE,IMPROPER,HE2-CE2-CZ-CE1
PHE,IMPROPER,HZ-CZ-CE1-CD1
PRO,IMPROPER,HA-N-C-CB
PRO,IMPROPER,HB1-HB2-CA-CG
PRO,IMPROPER,HD1-HD2-CG-N
PRO,IMPROPER,HG1-HG2-CB-CD
SER,IMPROPER,HA-N-C-CB
SER,IMPROPER,HB1-HB2-CA-OG
THR,IMPROPER,HA-N-C-CB
THR,IMPROPER,HB-CA-OG1-CG2
THR,IMPROPER,HG21-HG22-CB-HG23
TRP,IMPROPER,CB-CG-CD2-CE2
TRP,IMPROPER,CD1-CG-CD2-CE3
TRP,IMPROPER,CD1-NE1-CE2-CZ2
TRP,IMPROPER,CD2-CE2-CZ2-CH2
TRP,IMPROPER,CE2-CZ2-CH2-CZ3
TRP,IMPROPER,CE3-CD2-CE2-CZ2
TRP,IMPROPER,CG-CD2-CE2-CZ2
TRP,IMPROPER,CG-CD2-CE3-CZ3
TRP,IMPROPER,CH2-CZ3-CE3-CD2
TRP,IMPROPER,CZ2-CH2-CZ3-CE3
TRP,IMPROPER,CZ3-CE3-CD2-CE2
TRP,IMPROPER,HA-N-C-CB
TRP,IMPROPER,HB1-HB2-CA-CG
TRP,IMPROPER,HD1-CD1-NE1-CE2
TRP,IMPROPER,HE1-NE1-CE2-CD2
TRP,IMPROPER,HE3-CE3-CZ3-CH2
TRP,IMPROPER,HH2-CH2-CZ3-CE3
TRP,IMPROPER,HZ2-CZ2-CH2-CZ3
TRP,IMPROPER,HZ3-CZ3-CH2-CZ2
TRP,IMPROPER,NE1-CE2-CD2-CE3
TRP,IMPROPER,NE1-CE2-CZ2-CH2
TYR,IMPROPER,CB-CG-CD2-CE2
TYR,IMPROPER,CD1-CE1-CZ-CE2
TYR,IMPROPER,CD2-CG-CD1-CE1
TYR,IMPROPER,CE1-CZ-CE2-CD2
TYR,IMPROPER,CE2-CD2-CG-CD1
TYR,IMPROPER,CG-CD1-CE1-CZ
TYR,IMPROPER,CZ-CE2-CD2-CG
TYR,IMPROPER,HA-N-C-CB
TYR,IMPROPER,HB1-HB2-CA-CG
TYR,IMPROPER,HD1-CD1-CG-CD2
TYR,IMPROPER,HD2-CD2-CE2-CZ
TYR,IMPROPER,HE1-CE1-CD1-CG
TYR,IMPROPER,HE2-CE2-CZ-CE1
TYR,IMPROPER,OH-CZ-CE1-CD1
VAL,IMPROPER,HA-N-C-CB
VAL,IMPROPER,HB-CA-CG1-CG2
VAL,IMPROPER,HG11-HG12-CB-HG13
VAL,IMPROPER,HG21-HG22-CB-HG23