Chain,AminoAcid,Id,SS,DataType,Atoms,Value
A,VAL,6,B,BOND,N-CA,1.46078
A,VAL,7,B,BOND,CA-C,1.53253
A,VAL,8,B,BOND,C-O,1.23697
A,VAL,9,B,BOND,O-CB,3.13297
A,VAL,10,B,BOND,CB-CG1,1.50487
A,VAL,11,B,BOND,CG1-CG2,2.46147
A,VAL,12,B,BOND,CG2-N,4.66265
A,ASN,13,B,BOND,N-CA,1.46573
A,ASN,14,B,BOND,CA-C,1.52659
A,ASN,15,B,BOND,C-O,1.23069
A,ASN,16,B,BOND,O-CB,3.3393
A,ASN,17,B,BOND,CB-CG,1.50369
A,ASN,18,B,BOND,CG-OD1,1.22959
A,ASN,19,B,BOND,OD1-ND2,2.24409
A,ASN,20,B,BOND,ND2-N,5.43307
A,ASP,21,P,BOND,N-CA,1.45638
A,ASP,22,P,BOND,CA-C,1.52685
A,ASP,23,P,BOND,C-O,1.22985
A,ASP,24,P,BOND,O-CB,2.99862
A,ASP,25,P,BOND,CB-CG,1.51418
A,ASP,26,P,BOND,CG-OD1,1.25645
A,ASP,27,P,BOND,OD1-OD2,2.19832
A,ASP,28,P,BOND,OD2-N,5.61679
A,GLY,29,G,BOND,N-CA,1.44486
A,GLY,30,G,BOND,CA-C,1.51079
A,GLY,31,G,BOND,C-O,1.23417
A,GLY,32,G,BOND,O-N,2.25646
A,ASP,33,P,BOND,N-CA,1.45724
A,ASP,34,P,BOND,CA-C,1.5283
A,ASP,35,P,BOND,C-O,1.22843
A,ASP,36,P,BOND,O-CB,3.10567
A,ASP,37,P,BOND,CB-CG,1.54177
A,ASP,38,P,BOND,CG-OD1,1.25609
A,ASP,39,P,BOND,OD1-OD2,2.19755
A,ASP,40,P,BOND,OD2-N,5.431
A,MET,41,B,BOND,N-CA,1.46892
A,MET,42,B,BOND,CA-C,1.52466
A,MET,43,B,BOND,C-O,1.22309
A,MET,44,B,BOND,O-CB,3.2999
A,MET,45,B,BOND,CB-CG,1.50948
A,MET,46,B,BOND,CG-SD,1.78661
A,MET,47,B,BOND,SD-CE,1.79641
A,MET,48,B,BOND,CE-N,6.08982
A,ARG,49,B,BOND,N-CA,1.44683
A,ARG,50,B,BOND,CA-C,1.50581
A,ARG,51,B,BOND,C-O,1.23256
A,ARG,52,B,BOND,O-CB,3.25348
A,ARG,53,B,BOND,CB-CG,1.5084
A,ARG,54,B,BOND,CG-CD,1.5253
A,ARG,55,B,BOND,CD-NE,1.45715
A,ARG,56,B,BOND,NE-CZ,1.33283
A,ARG,57,B,BOND,CZ-NH1,1.33819
A,ARG,58,B,BOND,NH1-NH2,2.31051
A,ARG,59,B,BOND,NH2-N,7.99196
A,LEU,60,B,BOND,N-CA,1.47038
A,LEU,61,B,BOND,CA-C,1.53197
A,LEU,62,B,BOND,C-O,1.21367
A,LEU,63,B,BOND,O-CB,3.099
A,LEU,64,B,BOND,CB-CG,1.52879
A,LEU,65,B,BOND,CG-CD1,1.50108
A,LEU,66,B,BOND,CD1-CD2,2.49484
A,LEU,67,B,BOND,CD2-N,4.98729
A,ALA,68,B,BOND,N-CA,1.44025
A,ALA,69,B,BOND,CA-C,1.50326
A,ALA,70,B,BOND,C-O,1.235
A,ALA,71,B,BOND,O-CB,3.30027
A,ALA,72,B,BOND,CB-N,3.09364
A,ASP,73,L,BOND,N-CA,1.45828
A,ASP,74,L,BOND,CA-C,1.52765
A,ASP,75,L,BOND,C-O,1.23369
A,ASP,76,L,BOND,O-CB,2.77946
A,ASP,77,L,BOND,CB-CG,1.52162
A,ASP,78,L,BOND,CG-OD1,1.24239
A,ASP,79,L,BOND,OD1-OD2,2.18352
A,ASP,80,L,BOND,OD2-N,6.01317
A,GLY,81,A,BOND,N-CA,1.45212
A,GLY,82,A,BOND,CA-C,1.52516
A,GLY,83,A,BOND,C-O,1.2328
A,GLY,84,A,BOND,O-N,2.2425
A,GLY,85,U,BOND,N-CA,1.45607
A,GLY,86,U,BOND,CA-C,1.51631
A,GLY,87,U,BOND,C-O,1.22538
A,GLY,88,U,BOND,O-N,2.24376
A,ALA,89,P,BOND,N-CA,1.45402
A,ALA,90,P,BOND,CA-C,1.5227
A,ALA,91,P,BOND,C-O,1.22632
A,ALA,92,P,BOND,O-CB,3.35592
A,ALA,93,P,BOND,CB-N,3.05638
A,THR,94,A,BOND,N-CA,1.45721
A,THR,95,A,BOND,CA-C,1.51438
A,THR,96,A,BOND,C-O,1.23333
A,THR,97,A,BOND,O-CB,2.9764
A,THR,98,A,BOND,CB-OG1,1.43495
A,THR,99,A,BOND,OG1-CG2,2.41266
A,THR,100,A,BOND,CG2-N,4.69246
A,ASN,101,A,BOND,N-CA,1.4571
A,ASN,102,A,BOND,CA-C,1.53049
A,ASN,103,A,BOND,C-O,1.22523
A,ASN,104,A,BOND,O-CB,2.78686
A,ASN,105,A,BOND,CB-CG,1.5115
A,ASN,106,A,BOND,CG-OD1,1.23236
A,ASN,107,A,BOND,OD1-ND2,2.24199
A,ASN,108,A,BOND,ND2-N,4.82342
A,GLN,109,B,BOND,N-CA,1.45956
A,GLN,110,B,BOND,CA-C,1.51641
A,GLN,111,B,BOND,C-O,1.22879
A,GLN,112,B,BOND,O-CB,3.30512
A,GLN,113,B,BOND,CB-CG,1.51408
A,GLN,114,B,BOND,CG-CD,1.5129
A,GLN,115,B,BOND,CD-OE1,1.23198
A,GLN,116,B,BOND,OE1-NE2,2.23824
A,GLN,117,B,BOND,NE2-N,5.60946
A,GLY,118,G,BOND,N-CA,1.44472
A,GLY,119,G,BOND,CA-C,1.51369
A,GLY,120,G,BOND,C-O,1.24379
A,GLY,121,G,BOND,O-N,2.27916
A,ARG,122,P,BOND,N-CA,1.45035
A,ARG,123,P,BOND,CA-C,1.525
A,ARG,124,P,BOND,C-O,1.22297
A,ARG,125,P,BOND,O-CB,3.11007
A,ARG,126,P,BOND,CB-CG,1.52107
A,ARG,127,P,BOND,CG-CD,1.52034
A,ARG,128,P,BOND,CD-NE,1.45778
A,ARG,129,P,BOND,NE-CZ,1.32968
A,ARG,130,P,BOND,CZ-NH1,1.33002
A,ARG,131,P,BOND,NH1-NH2,2.29913
A,ARG,132,P,BOND,NH2-N,6.94856
A,VAL,133,P,BOND,N-CA,1.45886
A,VAL,134,P,BOND,CA-C,1.53096
A,VAL,135,P,BOND,C-O,1.23233
A,VAL,136,P,BOND,O-CB,3.07058
A,VAL,137,P,BOND,CB-CG1,1.52445
A,VAL,138,P,BOND,CG1-CG2,2.48855
A,VAL,139,P,BOND,CG2-N,4.69428
A,GLU,140,B,BOND,N-CA,1.45999
A,GLU,141,B,BOND,CA-C,1.5246
A,GLU,142,B,BOND,C-O,1.23994
A,GLU,143,B,BOND,O-CB,3.31827
A,GLU,144,B,BOND,CB-CG,1.51908
A,GLU,145,B,BOND,CG-CD,1.50457
A,GLU,146,B,BOND,CD-OE1,1.24764
A,GLU,147,B,BOND,OE1-OE2,2.19865
A,GLU,148,B,BOND,OE2-N,6.72149
A,ILE,149,B,BOND,N-CA,1.45816
A,ILE,150,B,BOND,CA-C,1.52317
A,ILE,151,B,BOND,C-O,1.23026
A,ILE,152,B,BOND,O-CB,3.30483
A,ILE,153,B,BOND,CB-CG1,1.52918
A,ILE,154,B,BOND,CG1-CG2,2.5318
A,ILE,155,B,BOND,CG2-CD1,3.13641
A,ILE,156,B,BOND,CD1-N,4.67187
A,PHE,157,B,BOND,N-CA,1.44555
A,PHE,158,B,BOND,CA-C,1.51702
A,PHE,159,B,BOND,C-O,1.22316
A,PHE,160,B,BOND,O-CB,3.10351
A,PHE,161,B,BOND,CB-CG,1.50329
A,PHE,162,B,BOND,CG-CD1,1.39373
A,PHE,163,B,BOND,CD1-CD2,2.39815
A,PHE,164,B,BOND,CD2-CE1,2.77933
A,PHE,165,B,BOND,CE1-CE2,2.40917
A,PHE,166,B,BOND,CE2-N,4.16365
A,TYR,168,B,BOND,N-CA,1.4536
A,TYR,169,B,BOND,CA-C,1.51637
A,TYR,170,B,BOND,C-O,1.22852
A,TYR,171,B,BOND,O-CB,3.0533
A,TYR,172,B,BOND,CB-CG,1.50672
A,TYR,173,B,BOND,CG-CD1,1.38725
A,TYR,174,B,BOND,CD1-CD2,2.38359
A,TYR,175,B,BOND,CD2-CE1,2.76251
A,TYR,176,B,BOND,CE1-CE2,2.39841
A,TYR,177,B,BOND,CE2-CZ,1.37614
A,TYR,178,B,BOND,CZ-OH,1.37858
A,TYR,179,B,BOND,OH-N,5.9955
A,ARG,180,L,BOND,N-CA,1.45942
A,ARG,181,L,BOND,CA-C,1.50238
A,ARG,182,L,BOND,C-O,1.22399
A,ARG,183,L,BOND,O-CB,2.69635
A,ARG,184,L,BOND,CB-CG,1.4979
A,ARG,185,L,BOND,CG-CD,1.50002
A,ARG,186,L,BOND,CD-NE,1.46528
A,ARG,187,L,BOND,NE-CZ,1.3336
A,ARG,188,L,BOND,CZ-NH1,1.337
A,ARG,189,L,BOND,NH1-NH2,2.31021
A,ARG,190,L,BOND,NH2-N,9.54379
A,GLY,191,G,BOND,N-CA,1.43872
A,GLY,192,G,BOND,CA-C,1.50488
A,GLY,193,G,BOND,C-O,1.23416
A,GLY,194,G,BOND,O-N,2.24772
A,GLN,195,B,BOND,N-CA,1.46201
A,GLN,196,B,BOND,CA-C,1.51962
A,GLN,197,B,BOND,C-O,1.22994
A,GLN,198,B,BOND,O-CB,3.3827
A,GLN,199,B,BOND,CB-CG,1.49532
A,GLN,200,B,BOND,CG-CD,1.51164
A,GLN,201,B,BOND,CD-OE1,1.23658
A,GLN,202,B,BOND,OE1-NE2,2.25631
A,GLN,203,B,BOND,NE2-N,6.10817
A,TRP,204,B,BOND,N-CA,1.45093
A,TRP,205,B,BOND,CA-C,1.51282
A,TRP,206,B,BOND,C-O,1.23371
A,TRP,207,B,BOND,O-CB,3.16943
A,TRP,208,B,BOND,CB-CG,1.4917
A,TRP,209,B,BOND,CG-CD1,1.36958
A,TRP,210,B,BOND,CD1-CD2,2.24221
A,TRP,211,B,BOND,CD2-NE1,2.23906
A,TRP,212,B,BOND,NE1-CE2,1.36805
A,TRP,213,B,BOND,CE2-CE3,2.41535
A,TRP,214,B,BOND,CE3-CZ2,2.83138
A,TRP,215,B,BOND,CZ2-CZ3,2.41888
A,TRP,216,B,BOND,CZ3-CH2,1.39986
A,TRP,217,B,BOND,CH2-N,7.26148
A,GLY,218,B,BOND,N-CA,1.4479
A,GLY,219,B,BOND,CA-C,1.51088
A,GLY,220,B,BOND,C-O,1.23041
A,GLY,221,B,BOND,O-N,2.2491
A,THR,222,B,BOND,N-CA,1.45825
A,THR,223,B,BOND,CA-C,1.53421
A,THR,224,B,BOND,C-O,1.23034
A,THR,225,B,BOND,O-CB,3.49243
A,THR,226,B,BOND,CB-OG1,1.43057
A,THR,227,B,BOND,OG1-CG2,2.40699
A,THR,228,B,BOND,CG2-N,4.27122
A,VAL,229,B,BOND,N-CA,1.45751
A,VAL,230,B,BOND,CA-C,1.5222
A,VAL,231,B,BOND,C-O,1.23437
A,VAL,232,B,BOND,O-CB,3.03315
A,VAL,233,B,BOND,CB-CG1,1.52338
A,VAL,234,B,BOND,CG1-CG2,2.48851
A,VAL,235,B,BOND,CG2-N,4.69483
A,CYS,236,P,BOND,N-CA,1.47272
A,CYS,237,P,BOND,CA-C,1.52568
A,CYS,238,P,BOND,C-O,1.23128
A,CYS,239,P,BOND,O-CB,3.16421
A,CYS,240,P,BOND,CB-SG,1.81318
A,CYS,241,P,BOND,SG-N,3.16074
A,ASP,242,A,BOND,N-CA,1.4654
A,ASP,243,A,BOND,CA-C,1.52719
A,ASP,244,A,BOND,C-O,1.23483
A,ASP,245,A,BOND,O-CB,2.90647
A,ASP,246,A,BOND,CB-CG,1.52545
A,ASP,247,A,BOND,CG-OD1,1.24324
A,ASP,248,A,BOND,OD1-OD2,2.1624
A,ASP,249,A,BOND,OD2-N,4.99872
A,ASN,250,P,BOND,N-CA,1.46257
A,ASN,251,P,BOND,CA-C,1.52306
A,ASN,252,P,BOND,C-O,1.23
A,ASN,253,P,BOND,O-CB,2.99602
A,ASN,254,P,BOND,CB-CG,1.53023
A,ASN,255,P,BOND,CG-OD1,1.23599
A,ASN,256,P,BOND,OD1-ND2,2.23607
A,ASN,257,P,BOND,ND2-N,5.83795
A,LEU,258,L,BOND,N-CA,1.46479
A,LEU,259,L,BOND,CA-C,1.53212
A,LEU,260,L,BOND,C-O,1.22752
A,LEU,261,L,BOND,O-CB,2.87806
A,LEU,262,L,BOND,CB-CG,1.53475
A,LEU,263,L,BOND,CG-CD1,1.51382
A,LEU,264,L,BOND,CD1-CD2,2.49897
A,LEU,265,L,BOND,CD2-N,5.51356
A,TRP,266,P,BOND,N-CA,1.46101
A,TRP,267,P,BOND,CA-C,1.52097
A,TRP,268,P,BOND,C-O,1.22591
A,TRP,269,P,BOND,O-CB,2.93129
A,TRP,270,P,BOND,CB-CG,1.50682
A,TRP,271,P,BOND,CG-CD1,1.36691
A,TRP,272,P,BOND,CD1-CD2,2.24211
A,TRP,273,P,BOND,CD2-NE1,2.24458
A,TRP,274,P,BOND,NE1-CE2,1.36828
A,TRP,275,P,BOND,CE2-CE3,2.42307
A,TRP,276,P,BOND,CE3-CZ2,2.84372
A,TRP,277,P,BOND,CZ2-CZ3,2.42019
A,TRP,278,P,BOND,CZ3-CH2,1.40848
A,TRP,279,P,BOND,CH2-N,6.14982
A,ASP,280,B,BOND,N-CA,1.45429
A,ASP,281,B,BOND,CA-C,1.52128
A,ASP,282,B,BOND,C-O,1.23308
A,ASP,283,B,BOND,O-CB,3.50767
A,ASP,284,B,BOND,CB-CG,1.52677
A,ASP,285,B,BOND,CG-OD1,1.25316
A,ASP,286,B,BOND,OD1-OD2,2.1857
A,ASP,287,B,BOND,OD2-N,4.5212
A,LEU,288,A,BOND,N-CA,1.4515
A,LEU,289,A,BOND,CA-C,1.51312
A,LEU,290,A,BOND,C-O,1.23241
A,LEU,291,A,BOND,O-CB,3.14598
A,LEU,292,A,BOND,CB-CG,1.53699
A,LEU,293,A,BOND,CG-CD1,1.52033
A,LEU,294,A,BOND,CD1-CD2,2.45303
A,LEU,295,A,BOND,CD2-N,5.06411
A,THR,296,A,BOND,N-CA,1.45392
A,THR,297,A,BOND,CA-C,1.53307
A,THR,298,A,BOND,C-O,1.22839
A,THR,299,A,BOND,O-CB,3.29218
A,THR,300,A,BOND,CB-OG1,1.43266
A,THR,301,A,BOND,OG1-CG2,2.40283
A,THR,302,A,BOND,CG2-N,3.93917
A,ASP,303,A,BOND,N-CA,1.46382
A,ASP,304,A,BOND,CA-C,1.53759
A,ASP,305,A,BOND,C-O,1.2396
A,ASP,306,A,BOND,O-CB,3.33574
A,ASP,307,A,BOND,CB-CG,1.50506
A,ASP,308,A,BOND,CG-OD1,1.24694
A,ASP,309,A,BOND,OD1-OD2,2.19765
A,ASP,310,A,BOND,OD2-N,5.26567
A,ALA,311,A,BOND,N-CA,1.45405
A,ALA,312,A,BOND,CA-C,1.53526
A,ALA,313,A,BOND,C-O,1.22717
A,ALA,314,A,BOND,O-CB,3.28512
A,ALA,315,A,BOND,CB-N,3.23776
A,SER,316,A,BOND,N-CA,1.45924
A,SER,317,A,BOND,CA-C,1.53108
A,SER,318,A,BOND,C-O,1.22614
A,SER,319,A,BOND,O-CB,3.19011
A,SER,320,A,BOND,CB-OG,1.40724
A,SER,321,A,BOND,OG-N,3.20923
A,VAL,322,A,BOND,N-CA,1.47078
A,VAL,323,A,BOND,CA-C,1.5275
A,VAL,324,A,BOND,C-O,1.22647
A,VAL,325,A,BOND,O-CB,3.31164
A,VAL,326,A,BOND,CB-CG1,1.54027
A,VAL,327,A,BOND,CG1-CG2,2.52071
A,VAL,328,A,BOND,CG2-N,4.60674
A,VAL,329,A,BOND,N-CA,1.4648
A,VAL,330,A,BOND,CA-C,1.53396
A,VAL,331,A,BOND,C-O,1.22701
A,VAL,332,A,BOND,O-CB,3.39265
A,VAL,333,A,BOND,CB-CG1,1.52325
A,VAL,334,A,BOND,CG1-CG2,2.48136
A,VAL,335,A,BOND,CG2-N,4.43806
A,CYS,336,A,BOND,N-CA,1.45941
A,CYS,337,A,BOND,CA-C,1.52326
A,CYS,338,A,BOND,C-O,1.23247
A,CYS,339,A,BOND,O-CB,3.32088
A,CYS,340,A,BOND,CB-SG,1.8278
A,CYS,341,A,BOND,SG-N,4.8725
A,ARG,342,A,BOND,N-CA,1.45632
A,ARG,343,A,BOND,CA-C,1.52832
A,ARG,344,A,BOND,C-O,1.23226
A,ARG,345,A,BOND,O-CB,3.29524
A,ARG,346,A,BOND,CB-CG,1.52264
A,ARG,347,A,BOND,CG-CD,1.52934
A,ARG,348,A,BOND,CD-NE,1.46083
A,ARG,349,A,BOND,NE-CZ,1.33546
A,ARG,350,A,BOND,CZ-NH1,1.33464
A,ARG,351,A,BOND,NH1-NH2,2.31496
A,ARG,352,A,BOND,NH2-N,7.7763
A,ALA,353,A,BOND,N-CA,1.45871
A,ALA,354,A,BOND,CA-C,1.51594
A,ALA,355,A,BOND,C-O,1.22155
A,ALA,356,A,BOND,O-CB,3.18138
A,ALA,357,A,BOND,CB-N,3.14605
A,LEU,358,A,BOND,N-CA,1.45431
A,LEU,359,A,BOND,CA-C,1.52208
A,LEU,360,A,BOND,C-O,1.23046
A,LEU,361,A,BOND,O-CB,2.88939
A,LEU,362,A,BOND,CB-CG,1.53128
A,LEU,363,A,BOND,CG-CD1,1.51225
A,LEU,364,A,BOND,CD1-CD2,2.47695
A,LEU,365,A,BOND,CD2-N,5.32294
A,GLY,366,G,BOND,N-CA,1.44687
A,GLY,367,G,BOND,CA-C,1.50826
A,GLY,368,G,BOND,C-O,1.21687
A,GLY,369,G,BOND,O-N,2.22042
A,PHE,370,B,BOND,N-CA,1.44828
A,PHE,371,B,BOND,CA-C,1.50228
A,PHE,372,B,BOND,C-O,1.22944
A,PHE,373,B,BOND,O-CB,3.30915
A,PHE,374,B,BOND,CB-CG,1.49022
A,PHE,375,B,BOND,CG-CD1,1.38894
A,PHE,376,B,BOND,CD1-CD2,2.39752
A,PHE,377,B,BOND,CD2-CE1,2.7803
A,PHE,378,B,BOND,CE1-CE2,2.41684
A,PHE,379,B,BOND,CE2-N,6.86294
A,GLU,381,A,BOND,N-CA,1.45608
A,GLU,382,A,BOND,CA-C,1.51448
A,GLU,383,A,BOND,C-O,1.23335
A,GLU,384,A,BOND,O-CB,3.22097
A,GLU,385,A,BOND,CB-CG,1.53792
A,GLU,386,A,BOND,CG-CD,1.51922
A,GLU,387,A,BOND,CD-OE1,1.24864
A,GLU,388,A,BOND,OE1-OE2,2.19028
A,GLU,389,A,BOND,OE2-N,6.88755
A,ASN,390,B,BOND,N-CA,1.45094
A,ASN,391,B,BOND,CA-C,1.50993
A,ASN,392,B,BOND,C-O,1.22702
A,ASN,393,B,BOND,O-CB,3.35239
A,ASN,394,B,BOND,CB-CG,1.4918
A,ASN,395,B,BOND,CG-OD1,1.23107
A,ASN,396,B,BOND,OD1-ND2,2.2599
A,ASN,397,B,BOND,ND2-N,4.42995
A,ALA,398,B,BOND,N-CA,1.44412
A,ALA,399,B,BOND,CA-C,1.51561
A,ALA,400,B,BOND,C-O,1.23033
A,ALA,401,B,BOND,O-CB,3.16255
A,ALA,402,B,BOND,CB-N,3.2488
A,THR,403,A,BOND,N-CA,1.44931
A,THR,404,A,BOND,CA-C,1.52476
A,THR,405,A,BOND,C-O,1.23046
A,THR,406,A,BOND,O-CB,3.16451
A,THR,407,A,BOND,CB-OG1,1.43465
A,THR,408,A,BOND,OG1-CG2,2.42346
A,THR,409,A,BOND,CG2-N,4.66432
A,GLN,410,B,BOND,N-CA,1.46611
A,GLN,411,B,BOND,CA-C,1.53921
A,GLN,412,B,BOND,C-O,1.24303
A,GLN,413,B,BOND,O-CB,3.15697
A,GLN,414,B,BOND,CB-CG,1.50113
A,GLN,415,B,BOND,CG-CD,1.50723
A,GLN,416,B,BOND,CD-OE1,1.23057
A,GLN,417,B,BOND,OE1-NE2,2.25333
A,GLN,418,B,BOND,NE2-N,6.54933
A,ALA,419,B,BOND,N-CA,1.45578
A,ALA,420,B,BOND,CA-C,1.51842
A,ALA,421,B,BOND,C-O,1.22447
A,ALA,422,B,BOND,O-CB,2.87587
A,ALA,423,B,BOND,CB-N,3.55145
A,LEU,424,B,BOND,N-CA,1.46552
A,LEU,425,B,BOND,CA-C,1.53094
A,LEU,426,B,BOND,C-O,1.22468
A,LEU,427,B,BOND,O-CB,3.25168
A,LEU,428,B,BOND,CB-CG,1.53104
A,LEU,429,B,BOND,CG-CD1,1.5132
A,LEU,430,B,BOND,CD1-CD2,2.47547
A,LEU,431,B,BOND,CD2-N,4.85543
A,GLY,432,B,BOND,N-CA,1.4487
A,GLY,433,B,BOND,CA-C,1.51653
A,GLY,434,B,BOND,C-O,1.23393
A,GLY,435,B,BOND,O-N,2.25071
A,ARG,436,L,BOND,N-CA,1.46219
A,ARG,437,L,BOND,CA-C,1.52099
A,ARG,438,L,BOND,C-O,1.22849
A,ARG,439,L,BOND,O-CB,2.6812
A,ARG,440,L,BOND,CB-CG,1.5226
A,ARG,441,L,BOND,CG-CD,1.54285
A,ARG,442,L,BOND,CD-NE,1.44953
A,ARG,443,L,BOND,NE-CZ,1.32431
A,ARG,444,L,BOND,CZ-NH1,1.32888
A,ARG,445,L,BOND,NH1-NH2,2.29751
A,ARG,446,L,BOND,NH2-N,7.80624
A,ALA,447,L,BOND,N-CA,1.4561
A,ALA,448,L,BOND,CA-C,1.53986
A,ALA,449,L,BOND,C-O,1.21959
A,ALA,450,L,BOND,O-CB,2.73634
A,ALA,451,L,BOND,CB-N,3.73782
A,ALA,452,A,BOND,N-CA,1.45289
A,ALA,453,A,BOND,CA-C,1.51786
A,ALA,454,A,BOND,C-O,1.22385
A,ALA,455,A,BOND,O-CB,3.15987
A,ALA,456,A,BOND,CB-N,3.2617
A,PHE,457,A,BOND,N-CA,1.46859
A,PHE,458,A,BOND,CA-C,1.52805
A,PHE,459,A,BOND,C-O,1.23371
A,PHE,460,A,BOND,O-CB,2.78162
A,PHE,461,A,BOND,CB-CG,1.50214
A,PHE,462,A,BOND,CG-CD1,1.39217
A,PHE,463,A,BOND,CD1-CD2,2.39263
A,PHE,464,A,BOND,CD2-CE1,2.78147
A,PHE,465,A,BOND,CE1-CE2,2.4021
A,PHE,466,A,BOND,CE2-N,7.01085
A,GLY,468,E,BOND,N-CA,1.45076
A,GLY,469,E,BOND,CA-C,1.51008
A,GLY,470,E,BOND,C-O,1.22552
A,GLY,471,E,BOND,O-N,2.2339
A,GLN,472,P,BOND,N-CA,1.43851
A,GLN,473,P,BOND,CA-C,1.50909
A,GLN,474,P,BOND,C-O,1.22265
A,GLN,475,P,BOND,O-CB,3.12008
A,GLN,476,P,BOND,CB-CG,1.49964
A,GLN,477,P,BOND,CG-CD,1.50981
A,GLN,478,P,BOND,CD-OE1,1.22582
A,GLN,479,P,BOND,OE1-NE2,2.23302
A,GLN,480,P,BOND,NE2-N,5.51345
A,GLY,481,B,BOND,N-CA,1.45173
A,GLY,482,B,BOND,CA-C,1.52211
A,GLY,483,B,BOND,C-O,1.23709
A,GLY,484,B,BOND,O-N,2.24692
A,SER,485,B,BOND,N-CA,1.45763
A,SER,486,B,BOND,CA-C,1.51341
A,SER,487,B,BOND,C-O,1.22871
A,SER,488,B,BOND,O-CB,3.36647
A,SER,489,B,BOND,CB-OG,1.40938
A,SER,490,B,BOND,OG-N,4.28173
A,GLY,491,G,BOND,N-CA,1.45357
A,GLY,492,G,BOND,CA-C,1.51634
A,GLY,493,G,BOND,C-O,1.23304
A,GLY,494,G,BOND,O-N,2.24154
A,PRO,495,P,BOND,N-CA,1.45729
A,PRO,496,P,BOND,CA-C,1.52237
A,PRO,497,P,BOND,C-O,1.23584
A,PRO,498,P,BOND,O-CB,3.27587
A,PRO,499,P,BOND,CB-CG,1.45951
A,PRO,500,P,BOND,CG-CD,1.5048
A,PRO,501,P,BOND,CD-N,4.61061
A,ILE,502,P,BOND,N-CA,1.45387
A,ILE,503,P,BOND,CA-C,1.526
A,ILE,504,P,BOND,C-O,1.22613
A,ILE,505,P,BOND,O-CB,2.99577
A,ILE,506,P,BOND,CB-CG1,1.53047
A,ILE,507,P,BOND,CG1-CG2,2.44365
A,ILE,508,P,BOND,CG2-CD1,3.79863
A,ILE,509,P,BOND,CD1-N,5.39041
A,MET,510,A,BOND,N-CA,1.4601
A,MET,511,A,BOND,CA-C,1.52702
A,MET,512,A,BOND,C-O,1.22039
A,MET,513,A,BOND,O-CB,3.25291
A,MET,514,A,BOND,CB-CG,1.53421
A,MET,515,A,BOND,CG-SD,1.78334
A,MET,516,A,BOND,SD-CE,1.75325
A,MET,517,A,BOND,CE-N,7.11212
A,LEU,518,B,BOND,N-CA,1.4605
A,LEU,519,B,BOND,CA-C,1.52988
A,LEU,520,B,BOND,C-O,1.23704
A,LEU,521,B,BOND,O-CB,3.31431
A,LEU,522,B,BOND,CB-CG,1.53124
A,LEU,523,B,BOND,CG-CD1,1.51722
A,LEU,524,B,BOND,CD1-CD2,2.50305
A,LEU,525,B,BOND,CD2-N,4.70122
A,ASP,526,B,BOND,N-CA,1.47527
A,ASP,527,B,BOND,CA-C,1.52034
A,ASP,528,B,BOND,C-O,1.24021
A,ASP,529,B,BOND,O-CB,3.24447
A,ASP,530,B,BOND,CB-CG,1.52158
A,ASP,531,B,BOND,CG-OD1,1.24831
A,ASP,532,B,BOND,OD1-OD2,2.18245
A,ASP,533,B,BOND,OD2-N,4.46373
A,GLU,534,L,BOND,N-CA,1.46305
A,GLU,535,L,BOND,CA-C,1.5302
A,GLU,536,L,BOND,C-O,1.23139
A,GLU,537,L,BOND,O-CB,2.8001
A,GLU,538,L,BOND,CB-CG,1.52329
A,GLU,539,L,BOND,CG-CD,1.51564
A,GLU,540,L,BOND,CD-OE1,1.24684
A,GLU,541,L,BOND,OE1-OE2,2.18115
A,GLU,542,L,BOND,OE2-N,7.26874
A,VAL,543,P,BOND,N-CA,1.45689
A,VAL,544,P,BOND,CA-C,1.52671
A,VAL,545,P,BOND,C-O,1.22671
A,VAL,546,P,BOND,O-CB,3.09787
A,VAL,547,P,BOND,CB-CG1,1.52993
A,VAL,548,P,BOND,CG1-CG2,2.49785
A,VAL,549,P,BOND,CG2-N,4.70848
A,GLN,550,B,BOND,N-CA,1.46304
A,GLN,551,B,BOND,CA-C,1.52309
A,GLN,552,B,BOND,C-O,1.22188
A,GLN,553,B,BOND,O-CB,2.7366
A,GLN,554,B,BOND,CB-CG,1.51643
A,GLN,555,B,BOND,CG-CD,1.51977
A,GLN,556,B,BOND,CD-OE1,1.23183
A,GLN,557,B,BOND,OE1-NE2,2.24577
A,GLN,558,B,BOND,NE2-N,6.23374
A,CYS,559,B,BOND,N-CA,1.47124
A,CYS,560,B,BOND,CA-C,1.51966
A,CYS,561,B,BOND,C-O,1.23175
A,CYS,562,B,BOND,O-CB,3.19958
A,CYS,563,B,BOND,CB-SG,1.80592
A,CYS,564,B,BOND,SG-N,4.80425
A,THR,565,A,BOND,N-CA,1.46073
A,THR,566,A,BOND,CA-C,1.52924
A,THR,567,A,BOND,C-O,1.22659
A,THR,568,A,BOND,O-CB,3.14597
A,THR,569,A,BOND,CB-OG1,1.43055
A,THR,570,A,BOND,OG1-CG2,2.39411
A,THR,571,A,BOND,CG2-N,4.62485
A,GLY,572,G,BOND,N-CA,1.44319
A,GLY,573,G,BOND,CA-C,1.52038
A,GLY,574,G,BOND,C-O,1.23355
A,GLY,575,G,BOND,O-N,2.25245
A,THR,576,A,BOND,N-CA,1.46877
A,THR,577,A,BOND,CA-C,1.53409
A,THR,578,A,BOND,C-O,1.23072
A,THR,579,A,BOND,O-CB,2.88353
A,THR,580,A,BOND,CB-OG1,1.43371
A,THR,581,A,BOND,OG1-CG2,2.42218
A,THR,582,A,BOND,CG2-N,4.79259
A,GLU,583,P,BOND,N-CA,1.4469
A,GLU,584,P,BOND,CA-C,1.52597
A,GLU,585,P,BOND,C-O,1.23518
A,GLU,586,P,BOND,O-CB,3.29053
A,GLU,587,P,BOND,CB-CG,1.54962
A,GLU,588,P,BOND,CG-CD,1.52569
A,GLU,589,P,BOND,CD-OE1,1.25253
A,GLU,590,P,BOND,OE1-OE2,2.18321
A,GLU,591,P,BOND,OE2-N,6.74021
A,ALA,592,A,BOND,N-CA,1.45246
A,ALA,593,A,BOND,CA-C,1.53157
A,ALA,594,A,BOND,C-O,1.23343
A,ALA,595,A,BOND,O-CB,3.19404
A,ALA,596,A,BOND,CB-N,3.28463
A,SER,597,B,BOND,N-CA,1.45266
A,SER,598,B,BOND,CA-C,1.50911
A,SER,599,B,BOND,C-O,1.22859
A,SER,600,B,BOND,O-CB,3.25274
A,SER,601,B,BOND,CB-OG,1.42187
A,SER,602,B,BOND,OG-N,2.82264
A,LEU,603,A,BOND,N-CA,1.46063
A,LEU,604,A,BOND,CA-C,1.54077
A,LEU,605,A,BOND,C-O,1.22924
A,LEU,606,A,BOND,O-CB,3.19119
A,LEU,607,A,BOND,CB-CG,1.53199
A,LEU,608,A,BOND,CG-CD1,1.50713
A,LEU,609,A,BOND,CD1-CD2,2.47333
A,LEU,610,A,BOND,CD2-N,5.51603
A,ALA,611,A,BOND,N-CA,1.45912
A,ALA,612,A,BOND,CA-C,1.5329
A,ALA,613,A,BOND,C-O,1.22992
A,ALA,614,A,BOND,O-CB,3.14452
A,ALA,615,A,BOND,CB-N,3.29301
A,ASP,616,A,BOND,N-CA,1.46078
A,ASP,617,A,BOND,CA-C,1.52302
A,ASP,618,A,BOND,C-O,1.23346
A,ASP,619,A,BOND,O-CB,2.91622
A,ASP,620,A,BOND,CB-CG,1.51643
A,ASP,621,A,BOND,CG-OD1,1.25511
A,ASP,622,A,BOND,OD1-OD2,2.21388
A,ASP,623,A,BOND,OD2-N,5.60339
A,CYS,624,B,BOND,N-CA,1.46051
A,CYS,625,B,BOND,CA-C,1.52251
A,CYS,626,B,BOND,C-O,1.23359
A,CYS,627,B,BOND,O-CB,3.26103
A,CYS,628,B,BOND,CB-SG,1.80764
A,CYS,629,B,BOND,SG-N,4.73765
A,LYS,630,P,BOND,N-CA,1.45599
A,LYS,631,P,BOND,CA-C,1.53311
A,LYS,632,P,BOND,C-O,1.22428
A,LYS,633,P,BOND,O-CB,3.11001
A,LYS,634,P,BOND,CB-CG,1.51057
A,LYS,635,P,BOND,CG-CD,1.54161
A,LYS,636,P,BOND,CD-CE,1.53775
A,LYS,637,P,BOND,CE-NZ,1.50002
A,LYS,638,P,BOND,NZ-N,6.65575
A,SER,639,B,BOND,N-CA,1.46054
A,SER,640,B,BOND,CA-C,1.53868
A,SER,641,B,BOND,C-O,1.23337
A,SER,642,B,BOND,O-CB,3.57151
A,SER,643,B,BOND,CB-OG,1.4203
A,SER,644,B,BOND,OG-N,3.0175
A,LEU,645,A,BOND,N-CA,1.46609
A,LEU,646,A,BOND,CA-C,1.53488
A,LEU,647,A,BOND,C-O,1.23676
A,LEU,648,A,BOND,O-CB,3.005
A,LEU,649,A,BOND,CB-CG,1.53504
A,LEU,650,A,BOND,CG-CD1,1.50444
A,LEU,651,A,BOND,CD1-CD2,2.50602
A,LEU,652,A,BOND,CD2-N,5.60869
A,GLY,653,E,BOND,N-CA,1.45653
A,GLY,654,E,BOND,CA-C,1.51934
A,GLY,655,E,BOND,C-O,1.23702
A,GLY,656,E,BOND,O-N,2.26175
A,TRP,657,P,BOND,N-CA,1.46761
A,TRP,658,P,BOND,CA-C,1.5216
A,TRP,659,P,BOND,C-O,1.23046
A,TRP,660,P,BOND,O-CB,3.03614
A,TRP,661,P,BOND,CB-CG,1.48255
A,TRP,662,P,BOND,CG-CD1,1.3605
A,TRP,663,P,BOND,CD1-CD2,2.23132
A,TRP,664,P,BOND,CD2-NE1,2.23424
A,TRP,665,P,BOND,NE1-CE2,1.36728
A,TRP,666,P,BOND,CE2-CE3,2.41004
A,TRP,667,P,BOND,CE3-CZ2,2.83003
A,TRP,668,P,BOND,CZ2-CZ3,2.40808
A,TRP,669,P,BOND,CZ3-CH2,1.39831
A,TRP,670,P,BOND,CH2-N,7.08052
A,LEU,671,L,BOND,N-CA,1.44468
A,LEU,672,L,BOND,CA-C,1.51585
A,LEU,673,L,BOND,C-O,1.2167
A,LEU,674,L,BOND,O-CB,2.85629
A,LEU,675,L,BOND,CB-CG,1.53323
A,LEU,676,L,BOND,CG-CD1,1.49821
A,LEU,677,L,BOND,CD1-CD2,2.47127
A,LEU,678,L,BOND,CD2-N,5.55612
A,LYS,679,B,BOND,N-CA,1.45967
A,LYS,680,B,BOND,CA-C,1.53458
A,LYS,681,B,BOND,C-O,1.22966
A,LYS,682,B,BOND,O-CB,2.92165
A,LYS,683,B,BOND,CB-CG,1.5121
A,LYS,684,B,BOND,CG-CD,1.52279
A,LYS,685,B,BOND,CD-CE,1.52642
A,LYS,686,B,BOND,CE-NZ,1.49001
A,LYS,687,B,BOND,NZ-N,6.05691
A,SER,688,B,BOND,N-CA,1.44712
A,SER,689,B,BOND,CA-C,1.52169
A,SER,690,B,BOND,C-O,1.22753
A,SER,691,B,BOND,O-CB,3.21996
A,SER,692,B,BOND,CB-OG,1.42283
A,SER,693,B,BOND,OG-N,2.94581
A,ASN,694,A,BOND,N-CA,1.4593
A,ASN,695,A,BOND,CA-C,1.52836
A,ASN,696,A,BOND,C-O,1.22867
A,ASN,697,A,BOND,O-CB,2.87961
A,ASN,698,A,BOND,CB-CG,1.51025
A,ASN,699,A,BOND,CG-OD1,1.23001
A,ASN,700,A,BOND,OD1-ND2,2.24099
A,ASN,701,A,BOND,ND2-N,5.84928
A,CYS,702,P,BOND,N-CA,1.46522
A,CYS,703,P,BOND,CA-C,1.5132
A,CYS,704,P,BOND,C-O,1.22132
A,CYS,705,P,BOND,O-CB,3.2062
A,CYS,706,P,BOND,CB-SG,1.79613
A,CYS,707,P,BOND,SG-N,4.6834
A,ARG,708,B,BOND,N-CA,1.44668
A,ARG,709,B,BOND,CA-C,1.52118
A,ARG,710,B,BOND,C-O,1.23274
A,ARG,711,B,BOND,O-CB,3.35398
A,ARG,712,B,BOND,CB-CG,1.51568
A,ARG,713,B,BOND,CG-CD,1.51371
A,ARG,714,B,BOND,CD-NE,1.46281
A,ARG,715,B,BOND,NE-CZ,1.33012
A,ARG,716,B,BOND,CZ-NH1,1.33217
A,ARG,717,B,BOND,NH1-NH2,2.31233
A,ARG,718,B,BOND,NH2-N,8.2438
A,HIS,719,A,BOND,N-CA,1.44928
A,HIS,720,A,BOND,CA-C,1.52375
A,HIS,721,A,BOND,C-O,1.22721
A,HIS,722,A,BOND,O-CB,3.07507
A,HIS,723,A,BOND,CB-CG,1.50012
A,HIS,724,A,BOND,CG-ND1,1.37497
A,HIS,725,A,BOND,ND1-CD2,2.17729
A,HIS,726,A,BOND,CD2-CE1,2.19077
A,HIS,727,A,BOND,CE1-NE2,1.32161
A,HIS,728,A,BOND,NE2-N,6.89308
A,GLU,729,A,BOND,N-CA,1.45211
A,GLU,730,A,BOND,CA-C,1.53772
A,GLU,731,A,BOND,C-O,1.22684
A,GLU,732,A,BOND,O-CB,3.05674
A,GLU,733,A,BOND,CB-CG,1.5076
A,GLU,734,A,BOND,CG-CD,1.50101
A,GLU,735,A,BOND,CD-OE1,1.25074
A,GLU,736,A,BOND,OE1-OE2,2.19953
A,GLU,737,A,BOND,OE2-N,4.28411
A,ARG,738,A,BOND,N-CA,1.45156
A,ARG,739,A,BOND,CA-C,1.52804
A,ARG,740,A,BOND,C-O,1.22469
A,ARG,741,A,BOND,O-CB,2.83344
A,ARG,742,A,BOND,CB-CG,1.52488
A,ARG,743,A,BOND,CG-CD,1.52619
A,ARG,744,A,BOND,CD-NE,1.46394
A,ARG,745,A,BOND,NE-CZ,1.3313
A,ARG,746,A,BOND,CZ-NH1,1.33556
A,ARG,747,A,BOND,NH1-NH2,2.31657
A,ARG,748,A,BOND,NH2-N,8.43524
A,ASP,749,P,BOND,N-CA,1.473
A,ASP,750,P,BOND,CA-C,1.53132
A,ASP,751,P,BOND,C-O,1.22942
A,ASP,752,P,BOND,O-CB,3.07204
A,ASP,753,P,BOND,CB-CG,1.53368
A,ASP,754,P,BOND,CG-OD1,1.25197
A,ASP,755,P,BOND,OD1-OD2,2.17816
A,ASP,756,P,BOND,OD2-N,5.63971
A,ALA,757,P,BOND,N-CA,1.46422
A,ALA,758,P,BOND,CA-C,1.52764
A,ALA,759,P,BOND,C-O,1.22746
A,ALA,760,P,BOND,O-CB,3.23108
A,ALA,761,P,BOND,CB-N,3.18518
A,GLY,762,B,BOND,N-CA,1.45069
A,GLY,763,B,BOND,CA-C,1.51591
A,GLY,764,B,BOND,C-O,1.23394
A,GLY,765,B,BOND,O-N,2.24786
A,VAL,766,B,BOND,N-CA,1.46161
A,VAL,767,B,BOND,CA-C,1.51864
A,VAL,768,B,BOND,C-O,1.23502
A,VAL,769,B,BOND,O-CB,3.31537
A,VAL,770,B,BOND,CB-CG1,1.50774
A,VAL,771,B,BOND,CG1-CG2,2.49325
A,VAL,772,B,BOND,CG2-N,3.55706
A,VAL,773,B,BOND,N-CA,1.45499
A,VAL,774,B,BOND,CA-C,1.53811
A,VAL,775,B,BOND,C-O,1.23811
A,VAL,776,B,BOND,O-CB,3.03288
A,VAL,777,B,BOND,CB-CG1,1.53591
A,VAL,778,B,BOND,CG1-CG2,2.52965
A,VAL,779,B,BOND,CG2-N,4.84057
A,CYS,780,B,BOND,N-CA,1.46084
A,CYS,781,B,BOND,CA-C,1.51855
A,CYS,782,B,BOND,C-O,1.23236
A,CYS,783,B,BOND,O-CB,3.3612
A,CYS,784,B,BOND,CB-SG,1.8207
A,CYS,785,B,BOND,SG-N,4.72562
A,THR,786,P,BOND,N-CA,1.45028
A,THR,787,P,BOND,CA-C,1.52777
A,THR,788,P,BOND,C-O,1.23734
A,THR,789,P,BOND,O-CB,3.22586
A,THR,790,P,BOND,CB-OG1,1.43404
A,THR,791,P,BOND,OG1-CG2,2.41554
A,THR,792,P,BOND,CG2-N,4.41839
A,ASN,793,A,BOND,N-CA,1.45845
A,ASN,794,A,BOND,CA-C,1.53259
A,ASN,795,A,BOND,C-O,1.23446
A,ASN,796,A,BOND,O-CB,3.25364
A,ASN,797,A,BOND,CB-CG,1.50797
A,ASN,798,A,BOND,CG-OD1,1.23672
A,ASN,799,A,BOND,OD1-ND2,2.25759
A,ASN,800,A,BOND,ND2-N,5.20905
A,GLU,801,P,BOND,N-CA,1.45531
A,GLU,802,P,BOND,CA-C,1.51743
A,GLU,803,P,BOND,C-O,1.23869
A,GLU,804,P,BOND,O-CB,3.16153
A,GLU,805,P,BOND,CB-CG,1.52921
A,GLU,806,P,BOND,CG-CD,1.51544
A,GLU,807,P,BOND,CD-OE1,1.25105
A,GLU,808,P,BOND,OE1-OE2,2.1959
A,GLU,809,P,BOND,OE2-N,6.9597
A,THR,810,B,BOND,N-CA,1.44978
A,THR,811,B,BOND,CA-C,1.53417
A,THR,812,B,BOND,C-O,1.25573
A,THR,813,B,BOND,O-CB,3.19787
A,THR,814,B,BOND,CB-OG1,1.43457
A,THR,815,B,BOND,OG1-CG2,2.41888
A,THR,816,B,BOND,CG2-N,28.4506
A,THR,817,B,BOND,N-CA,1.4834
A,THR,818,B,BOND,CA-C,1.52788
A,THR,819,B,BOND,C-O,1.23705
A,THR,820,B,BOND,O-CB,3.33801
A,THR,821,B,BOND,CB-OG1,1.42925
A,THR,822,B,BOND,OG1-CG2,2.42434
A,THR,823,B,BOND,CG2-N,3.73722
A,VAL,6,B,ANGLE,N-CA-C,110
A,VAL,7,B,ANGLE,CA-C-O,121
A,VAL,8,B,ANGLE,C-O-CB,50
A,VAL,9,B,ANGLE,O-CB-CG1,101
A,VAL,10,B,ANGLE,CB-CG1-CG2,36
A,VAL,11,B,ANGLE,CG1-CG2-N,42
A,VAL,12,B,ANGLE,CG2-N-CA,157
A,ASN,13,B,ANGLE,N-CA-C,113
A,ASN,14,B,ANGLE,CA-C-O,121
A,ASN,15,B,ANGLE,C-O-CB,38
A,ASN,16,B,ANGLE,O-CB-CG,148
A,ASN,17,B,ANGLE,CB-CG-OD1,121
A,ASN,18,B,ANGLE,CG-OD1-ND2,30
A,ASN,19,B,ANGLE,OD1-ND2-N,61
A,ASN,20,B,ANGLE,ND2-N-CA,153
A,ASP,21,P,ANGLE,N-CA-C,109
A,ASP,22,P,ANGLE,CA-C-O,120
A,ASP,23,P,ANGLE,C-O-CB,53
A,ASP,24,P,ANGLE,O-CB-CG,162
A,ASP,25,P,ANGLE,CB-CG-OD1,121
A,ASP,26,P,ANGLE,CG-OD1-OD2,29
A,ASP,27,P,ANGLE,OD1-OD2-N,60
A,ASP,28,P,ANGLE,OD2-N-CA,145
A,GLY,29,G,ANGLE,N-CA-C,115
A,GLY,30,G,ANGLE,CA-C-O,119
A,GLY,31,G,ANGLE,C-O-N,30
A,GLY,32,G,ANGLE,O-N-CA,94
A,ASP,33,P,ANGLE,N-CA-C,106
A,ASP,34,P,ANGLE,CA-C-O,120
A,ASP,35,P,ANGLE,C-O-CB,50
A,ASP,36,P,ANGLE,O-CB-CG,161
A,ASP,37,P,ANGLE,CB-CG-OD1,120
A,ASP,38,P,ANGLE,CG-OD1-OD2,29
A,ASP,39,P,ANGLE,OD1-OD2-N,64
A,ASP,40,P,ANGLE,OD2-N-CA,149
A,MET,41,B,ANGLE,N-CA-C,114
A,MET,42,B,ANGLE,CA-C-O,121
A,MET,43,B,ANGLE,C-O-CB,38
A,MET,44,B,ANGLE,O-CB-CG,151
A,MET,45,B,ANGLE,CB-CG-SD,111
A,MET,46,B,ANGLE,CG-SD-CE,101
A,MET,47,B,ANGLE,SD-CE-N,67
A,MET,48,B,ANGLE,CE-N-CA,134
A,ARG,49,B,ANGLE,N-CA-C,107
A,ARG,50,B,ANGLE,CA-C-O,120
A,ARG,51,B,ANGLE,C-O-CB,42
A,ARG,52,B,ANGLE,O-CB-CG,74
A,ARG,53,B,ANGLE,CB-CG-CD,112
A,ARG,54,B,ANGLE,CG-CD-NE,112
A,ARG,55,B,ANGLE,CD-NE-CZ,125
A,ARG,56,B,ANGLE,NE-CZ-NH1,121
A,ARG,57,B,ANGLE,CZ-NH1-NH2,30
A,ARG,58,B,ANGLE,NH1-NH2-N,77
A,ARG,59,B,ANGLE,NH2-N-CA,104
A,LEU,60,B,ANGLE,N-CA-C,105
A,LEU,61,B,ANGLE,CA-C-O,120
A,LEU,62,B,ANGLE,C-O-CB,51
A,LEU,63,B,ANGLE,O-CB-CG,151
A,LEU,64,B,ANGLE,CB-CG-CD1,110
A,LEU,65,B,ANGLE,CG-CD1-CD2,35
A,LEU,66,B,ANGLE,CD1-CD2-N,95
A,LEU,67,B,ANGLE,CD2-N-CA,170
A,ALA,68,B,ANGLE,N-CA-C,113
A,ALA,69,B,ANGLE,CA-C-O,121
A,ALA,70,B,ANGLE,C-O-CB,40
A,ALA,71,B,ANGLE,O-CB-N,41
A,ALA,72,B,ANGLE,CB-N-CA,149
A,ASP,73,L,ANGLE,N-CA-C,116
A,ASP,74,L,ANGLE,CA-C-O,120
A,ASP,75,L,ANGLE,C-O-CB,65
A,ASP,76,L,ANGLE,O-CB-CG,157
A,ASP,77,L,ANGLE,CB-CG-OD1,119
A,ASP,78,L,ANGLE,CG-OD1-OD2,29
A,ASP,79,L,ANGLE,OD1-OD2-N,57
A,ASP,80,L,ANGLE,OD2-N-CA,144
A,GLY,81,A,ANGLE,N-CA-C,117
A,GLY,82,A,ANGLE,CA-C-O,120
A,GLY,83,A,ANGLE,C-O-N,30
A,GLY,84,A,ANGLE,O-N-CA,93
A,GLY,85,U,ANGLE,N-CA-C,106
A,GLY,86,U,ANGLE,CA-C-O,120
A,GLY,87,U,ANGLE,C-O-N,30
A,GLY,88,U,ANGLE,O-N-CA,95
A,ALA,89,P,ANGLE,N-CA-C,106
A,ALA,90,P,ANGLE,CA-C-O,120
A,ALA,91,P,ANGLE,C-O-CB,37
A,ALA,92,P,ANGLE,O-CB-N,40
A,ALA,93,P,ANGLE,CB-N-CA,152
A,THR,94,A,ANGLE,N-CA-C,112
A,THR,95,A,ANGLE,CA-C-O,120
A,THR,96,A,ANGLE,C-O-CB,53
A,THR,97,A,ANGLE,O-CB-OG1,104
A,THR,98,A,ANGLE,CB-OG1-CG2,36
A,THR,99,A,ANGLE,OG1-CG2-N,42
A,THR,100,A,ANGLE,CG2-N-CA,152
A,ASN,101,A,ANGLE,N-CA-C,115
A,ASN,102,A,ANGLE,CA-C-O,120
A,ASN,103,A,ANGLE,C-O-CB,65
A,ASN,104,A,ANGLE,O-CB-CG,94
A,ASN,105,A,ANGLE,CB-CG-OD1,121
A,ASN,106,A,ANGLE,CG-OD1-ND2,30
A,ASN,107,A,ANGLE,OD1-ND2-N,60
A,ASN,108,A,ANGLE,ND2-N-CA,118
A,GLN,109,B,ANGLE,N-CA-C,109
A,GLN,110,B,ANGLE,CA-C-O,121
A,GLN,111,B,ANGLE,C-O-CB,41
A,GLN,112,B,ANGLE,O-CB-CG,77
A,GLN,113,B,ANGLE,CB-CG-CD,112
A,GLN,114,B,ANGLE,CG-CD-OE1,121
A,GLN,115,B,ANGLE,CD-OE1-NE2,30
A,GLN,116,B,ANGLE,OE1-NE2-N,71
A,GLN,117,B,ANGLE,NE2-N-CA,110
A,GLY,118,G,ANGLE,N-CA-C,113
A,GLY,119,G,ANGLE,CA-C-O,121
A,GLY,120,G,ANGLE,C-O-N,29
A,GLY,121,G,ANGLE,O-N-CA,97
A,ARG,122,P,ANGLE,N-CA-C,105
A,ARG,123,P,ANGLE,CA-C-O,120
A,ARG,124,P,ANGLE,C-O-CB,50
A,ARG,125,P,ANGLE,O-CB-CG,105
A,ARG,126,P,ANGLE,CB-CG-CD,112
A,ARG,127,P,ANGLE,CG-CD-NE,111
A,ARG,128,P,ANGLE,CD-NE-CZ,125
A,ARG,129,P,ANGLE,NE-CZ-NH1,121
A,ARG,130,P,ANGLE,CZ-NH1-NH2,30
A,ARG,131,P,ANGLE,NH1-NH2-N,76
A,ARG,132,P,ANGLE,NH2-N-CA,115
A,VAL,133,P,ANGLE,N-CA-C,111
A,VAL,134,P,ANGLE,CA-C-O,121
A,VAL,135,P,ANGLE,C-O-CB,53
A,VAL,136,P,ANGLE,O-CB-CG1,95
A,VAL,137,P,ANGLE,CB-CG1-CG2,35
A,VAL,138,P,ANGLE,CG1-CG2-N,44
A,VAL,139,P,ANGLE,CG2-N-CA,153
A,GLU,140,B,ANGLE,N-CA-C,106
A,GLU,141,B,ANGLE,CA-C-O,121
A,GLU,142,B,ANGLE,C-O-CB,43
A,GLU,143,B,ANGLE,O-CB-CG,144
A,GLU,144,B,ANGLE,CB-CG-CD,115
A,GLU,145,B,ANGLE,CG-CD-OE1,119
A,GLU,146,B,ANGLE,CD-OE1-OE2,28
A,GLU,147,B,ANGLE,OE1-OE2-N,58
A,GLU,148,B,ANGLE,OE2-N-CA,161
A,ILE,149,B,ANGLE,N-CA-C,111
A,ILE,150,B,ANGLE,CA-C-O,121
A,ILE,151,B,ANGLE,C-O-CB,45
A,ILE,152,B,ANGLE,O-CB-CG1,104
A,ILE,153,B,ANGLE,CB-CG1-CG2,34
A,ILE,154,B,ANGLE,CG1-CG2-CD1,29
A,ILE,155,B,ANGLE,CG2-CD1-N,59
A,ILE,156,B,ANGLE,CD1-N-CA,132
A,PHE,157,B,ANGLE,N-CA-C,113
A,PHE,158,B,ANGLE,CA-C-O,121
A,PHE,159,B,ANGLE,C-O-CB,49
A,PHE,160,B,ANGLE,O-CB-CG,101
A,PHE,161,B,ANGLE,CB-CG-CD1,121
A,PHE,162,B,ANGLE,CG-CD1-CD2,31
A,PHE,163,B,ANGLE,CD1-CD2-CE1,30
A,PHE,164,B,ANGLE,CD2-CE1-CE2,30
A,PHE,165,B,ANGLE,CE1-CE2-N,83
A,PHE,166,B,ANGLE,CE2-N-CA,96
A,TYR,168,B,ANGLE,N-CA-C,111
A,TYR,169,B,ANGLE,CA-C-O,121
A,TYR,170,B,ANGLE,C-O-CB,52
A,TYR,171,B,ANGLE,O-CB-CG,99
A,TYR,172,B,ANGLE,CB-CG-CD1,121
A,TYR,173,B,ANGLE,CG-CD1-CD2,31
A,TYR,174,B,ANGLE,CD1-CD2-CE1,30
A,TYR,175,B,ANGLE,CD2-CE1-CE2,30
A,TYR,176,B,ANGLE,CE1-CE2-CZ,30
A,TYR,177,B,ANGLE,CE2-CZ-OH,119
A,TYR,178,B,ANGLE,CZ-OH-N,34
A,TYR,179,B,ANGLE,OH-N-CA,95
A,ARG,180,L,ANGLE,N-CA-C,116
A,ARG,181,L,ANGLE,CA-C-O,121
A,ARG,182,L,ANGLE,C-O-CB,67
A,ARG,183,L,ANGLE,O-CB-CG,163
A,ARG,184,L,ANGLE,CB-CG-CD,113
A,ARG,185,L,ANGLE,CG-CD-NE,111
A,ARG,186,L,ANGLE,CD-NE-CZ,124
A,ARG,187,L,ANGLE,NE-CZ-NH1,120
A,ARG,188,L,ANGLE,CZ-NH1-NH2,30
A,ARG,189,L,ANGLE,NH1-NH2-N,67
A,ARG,190,L,ANGLE,NH2-N-CA,148
A,GLY,191,G,ANGLE,N-CA-C,119
A,GLY,192,G,ANGLE,CA-C-O,119
A,GLY,193,G,ANGLE,C-O-N,30
A,GLY,194,G,ANGLE,O-N-CA,91
A,GLN,195,B,ANGLE,N-CA-C,115
A,GLN,196,B,ANGLE,CA-C-O,121
A,GLN,197,B,ANGLE,C-O-CB,37
A,GLN,198,B,ANGLE,O-CB-CG,83
A,GLN,199,B,ANGLE,CB-CG-CD,112
A,GLN,200,B,ANGLE,CG-CD-OE1,121
A,GLN,201,B,ANGLE,CD-OE1-NE2,30
A,GLN,202,B,ANGLE,OE1-NE2-N,55
A,GLN,203,B,ANGLE,NE2-N-CA,124
A,TRP,204,B,ANGLE,N-CA-C,108
A,TRP,205,B,ANGLE,CA-C-O,120
A,TRP,206,B,ANGLE,C-O-CB,47
A,TRP,207,B,ANGLE,O-CB-CG,156
A,TRP,208,B,ANGLE,CB-CG-CD1,127
A,TRP,209,B,ANGLE,CG-CD1-CD2,38
A,TRP,210,B,ANGLE,CD1-CD2-NE1,36
A,TRP,211,B,ANGLE,CD2-NE1-CE2,37
A,TRP,212,B,ANGLE,NE1-CE2-CE3,138
A,TRP,213,B,ANGLE,CE2-CE3-CZ2,30
A,TRP,214,B,ANGLE,CE3-CZ2-CZ3,29
A,TRP,215,B,ANGLE,CZ2-CZ3-CH2,29
A,TRP,216,B,ANGLE,CZ3-CH2-N,34
A,TRP,217,B,ANGLE,CH2-N-CA,149
A,GLY,218,B,ANGLE,N-CA-C,109
A,GLY,219,B,ANGLE,CA-C-O,120
A,GLY,220,B,ANGLE,C-O-N,30
A,GLY,221,B,ANGLE,O-N-CA,95
A,THR,222,B,ANGLE,N-CA-C,114
A,THR,223,B,ANGLE,CA-C-O,121
A,THR,224,B,ANGLE,C-O-CB,31
A,THR,225,B,ANGLE,O-CB-OG1,84
A,THR,226,B,ANGLE,CB-OG1-CG2,37
A,THR,227,B,ANGLE,OG1-CG2-N,57
A,THR,228,B,ANGLE,CG2-N-CA,166
A,VAL,229,B,ANGLE,N-CA-C,108
A,VAL,230,B,ANGLE,CA-C-O,120
A,VAL,231,B,ANGLE,C-O-CB,53
A,VAL,232,B,ANGLE,O-CB-CG1,98
A,VAL,233,B,ANGLE,CB-CG1-CG2,34
A,VAL,234,B,ANGLE,CG1-CG2-N,44
A,VAL,235,B,ANGLE,CG2-N-CA,153
A,CYS,236,P,ANGLE,N-CA-C,111
A,CYS,237,P,ANGLE,CA-C-O,120
A,CYS,238,P,ANGLE,C-O-CB,47
A,CYS,239,P,ANGLE,O-CB-SG,104
A,CYS,240,P,ANGLE,CB-SG-N,76
A,CYS,241,P,ANGLE,SG-N-CA,133
A,ASP,242,A,ANGLE,N-CA-C,118
A,ASP,243,A,ANGLE,CA-C-O,120
A,ASP,244,A,ANGLE,C-O-CB,59
A,ASP,245,A,ANGLE,O-CB-CG,101
A,ASP,246,A,ANGLE,CB-CG-OD1,121
A,ASP,247,A,ANGLE,CG-OD1-OD2,29
A,ASP,248,A,ANGLE,OD1-OD2-N,25
A,ASP,249,A,ANGLE,OD2-N-CA,126
A,ASN,250,P,ANGLE,N-CA-C,110
A,ASN,251,P,ANGLE,CA-C-O,121
A,ASN,252,P,ANGLE,C-O-CB,55
A,ASN,253,P,ANGLE,O-CB-CG,163
A,ASN,254,P,ANGLE,CB-CG-OD1,122
A,ASN,255,P,ANGLE,CG-OD1-ND2,30
A,ASN,256,P,ANGLE,OD1-ND2-N,53
A,ASN,257,P,ANGLE,ND2-N-CA,151
A,LEU,258,L,ANGLE,N-CA-C,113
A,LEU,259,L,ANGLE,CA-C-O,120
A,LEU,260,L,ANGLE,C-O-CB,61
A,LEU,261,L,ANGLE,O-CB-CG,165
A,LEU,262,L,ANGLE,CB-CG-CD1,109
A,LEU,263,L,ANGLE,CG-CD1-CD2,35
A,LEU,264,L,ANGLE,CD1-CD2-N,90
A,LEU,265,L,ANGLE,CD2-N-CA,157
A,TRP,266,P,ANGLE,N-CA-C,108
A,TRP,267,P,ANGLE,CA-C-O,120
A,TRP,268,P,ANGLE,C-O-CB,57
A,TRP,269,P,ANGLE,O-CB-CG,105
A,TRP,270,P,ANGLE,CB-CG-CD1,127
A,TRP,271,P,ANGLE,CG-CD1-CD2,38
A,TRP,272,P,ANGLE,CD1-CD2-NE1,36
A,TRP,273,P,ANGLE,CD2-NE1-CE2,37
A,TRP,274,P,ANGLE,NE1-CE2-CE3,138
A,TRP,275,P,ANGLE,CE2-CE3-CZ2,29
A,TRP,276,P,ANGLE,CE3-CZ2-CZ3,29
A,TRP,277,P,ANGLE,CZ2-CZ3-CH2,29
A,TRP,278,P,ANGLE,CZ3-CH2-N,60
A,TRP,279,P,ANGLE,CH2-N-CA,125
A,ASP,280,B,ANGLE,N-CA-C,114
A,ASP,281,B,ANGLE,CA-C-O,121
A,ASP,282,B,ANGLE,C-O-CB,30
A,ASP,283,B,ANGLE,O-CB-CG,85
A,ASP,284,B,ANGLE,CB-CG-OD1,121
A,ASP,285,B,ANGLE,CG-OD1-OD2,29
A,ASP,286,B,ANGLE,OD1-OD2-N,44
A,ASP,287,B,ANGLE,OD2-N-CA,132
A,LEU,288,A,ANGLE,N-CA-C,114
A,LEU,289,A,ANGLE,CA-C-O,120
A,LEU,290,A,ANGLE,C-O-CB,48
A,LEU,291,A,ANGLE,O-CB-CG,76
A,LEU,292,A,ANGLE,CB-CG-CD1,111
A,LEU,293,A,ANGLE,CG-CD1-CD2,35
A,LEU,294,A,ANGLE,CD1-CD2-N,81
A,LEU,295,A,ANGLE,CD2-N-CA,122
A,THR,296,A,ANGLE,N-CA-C,109
A,THR,297,A,ANGLE,CA-C-O,120
A,THR,298,A,ANGLE,C-O-CB,42
A,THR,299,A,ANGLE,O-CB-OG1,145
A,THR,300,A,ANGLE,CB-OG1-CG2,37
A,THR,301,A,ANGLE,OG1-CG2-N,85
A,THR,302,A,ANGLE,CG2-N-CA,130
A,ASP,303,A,ANGLE,N-CA-C,109
A,ASP,304,A,ANGLE,CA-C-O,121
A,ASP,305,A,ANGLE,C-O-CB,38
A,ASP,306,A,ANGLE,O-CB-CG,143
A,ASP,307,A,ANGLE,CB-CG-OD1,120
A,ASP,308,A,ANGLE,CG-OD1-OD2,28
A,ASP,309,A,ANGLE,OD1-OD2-N,73
A,ASP,310,A,ANGLE,OD2-N-CA,150
A,ALA,311,A,ANGLE,N-CA-C,112
A,ALA,312,A,ANGLE,CA-C-O,120
A,ALA,313,A,ANGLE,C-O-CB,43
A,ALA,314,A,ANGLE,O-CB-N,40
A,ALA,315,A,ANGLE,CB-N-CA,148
A,SER,316,A,ANGLE,N-CA-C,112
A,SER,317,A,ANGLE,CA-C-O,120
A,SER,318,A,ANGLE,C-O-CB,48
A,SER,319,A,ANGLE,O-CB-OG,94
A,SER,320,A,ANGLE,CB-OG-N,84
A,SER,321,A,ANGLE,OG-N-CA,133
A,VAL,322,A,ANGLE,N-CA-C,108
A,VAL,323,A,ANGLE,CA-C-O,121
A,VAL,324,A,ANGLE,C-O-CB,41
A,VAL,325,A,ANGLE,O-CB-CG1,70
A,VAL,326,A,ANGLE,CB-CG1-CG2,35
A,VAL,327,A,ANGLE,CG1-CG2-N,49
A,VAL,328,A,ANGLE,CG2-N-CA,158
A,VAL,329,A,ANGLE,N-CA-C,110
A,VAL,330,A,ANGLE,CA-C-O,120
A,VAL,331,A,ANGLE,C-O-CB,36
A,VAL,332,A,ANGLE,O-CB-CG1,76
A,VAL,333,A,ANGLE,CB-CG1-CG2,35
A,VAL,334,A,ANGLE,CG1-CG2-N,54
A,VAL,335,A,ANGLE,CG2-N-CA,160
A,CYS,336,A,ANGLE,N-CA-C,114
A,CYS,337,A,ANGLE,CA-C-O,120
A,CYS,338,A,ANGLE,C-O-CB,39
A,CYS,339,A,ANGLE,O-CB-SG,138
A,CYS,340,A,ANGLE,CB-SG-N,12
A,CYS,341,A,ANGLE,SG-N-CA,157
A,ARG,342,A,ANGLE,N-CA-C,112
A,ARG,343,A,ANGLE,CA-C-O,120
A,ARG,344,A,ANGLE,C-O-CB,43
A,ARG,345,A,ANGLE,O-CB-CG,143
A,ARG,346,A,ANGLE,CB-CG-CD,113
A,ARG,347,A,ANGLE,CG-CD-NE,112
A,ARG,348,A,ANGLE,CD-NE-CZ,125
A,ARG,349,A,ANGLE,NE-CZ-NH1,120
A,ARG,350,A,ANGLE,CZ-NH1-NH2,30
A,ARG,351,A,ANGLE,NH1-NH2-N,35
A,ARG,352,A,ANGLE,NH2-N-CA,129
A,ALA,353,A,ANGLE,N-CA-C,109
A,ALA,354,A,ANGLE,CA-C-O,121
A,ALA,355,A,ANGLE,C-O-CB,44
A,ALA,356,A,ANGLE,O-CB-N,41
A,ALA,357,A,ANGLE,CB-N-CA,148
A,LEU,358,A,ANGLE,N-CA-C,112
A,LEU,359,A,ANGLE,CA-C-O,121
A,LEU,360,A,ANGLE,C-O-CB,60
A,LEU,361,A,ANGLE,O-CB-CG,154
A,LEU,362,A,ANGLE,CB-CG-CD1,111
A,LEU,363,A,ANGLE,CG-CD1-CD2,35
A,LEU,364,A,ANGLE,CD1-CD2-N,95
A,LEU,365,A,ANGLE,CD2-N-CA,153
A,GLY,366,G,ANGLE,N-CA-C,120
A,GLY,367,G,ANGLE,CA-C-O,119
A,GLY,368,G,ANGLE,C-O-N,30
A,GLY,369,G,ANGLE,O-N-CA,92
A,PHE,370,B,ANGLE,N-CA-C,106
A,PHE,371,B,ANGLE,CA-C-O,120
A,PHE,372,B,ANGLE,C-O-CB,40
A,PHE,373,B,ANGLE,O-CB-CG,144
A,PHE,374,B,ANGLE,CB-CG-CD1,120
A,PHE,375,B,ANGLE,CG-CD1-CD2,31
A,PHE,376,B,ANGLE,CD1-CD2-CE1,30
A,PHE,377,B,ANGLE,CD2-CE1-CE2,30
A,PHE,378,B,ANGLE,CE1-CE2-N,68
A,PHE,379,B,ANGLE,CE2-N-CA,159
A,GLU,381,A,ANGLE,N-CA-C,115
A,GLU,382,A,ANGLE,CA-C-O,120
A,GLU,383,A,ANGLE,C-O-CB,45
A,GLU,384,A,ANGLE,O-CB-CG,128
A,GLU,385,A,ANGLE,CB-CG-CD,113
A,GLU,386,A,ANGLE,CG-CD-OE1,119
A,GLU,387,A,ANGLE,CD-OE1-OE2,29
A,GLU,388,A,ANGLE,OE1-OE2-N,50
A,GLU,389,A,ANGLE,OE2-N-CA,147
A,ASN,390,B,ANGLE,N-CA-C,111
A,ASN,391,B,ANGLE,CA-C-O,120
A,ASN,392,B,ANGLE,C-O-CB,35
A,ASN,393,B,ANGLE,O-CB-CG,127
A,ASN,394,B,ANGLE,CB-CG-OD1,122
A,ASN,395,B,ANGLE,CG-OD1-ND2,29
A,ASN,396,B,ANGLE,OD1-ND2-N,33
A,ASN,397,B,ANGLE,ND2-N-CA,140
A,ALA,398,B,ANGLE,N-CA-C,105
A,ALA,399,B,ANGLE,CA-C-O,121
A,ALA,400,B,ANGLE,C-O-CB,46
A,ALA,401,B,ANGLE,O-CB-N,41
A,ALA,402,B,ANGLE,CB-N-CA,144
A,THR,403,A,ANGLE,N-CA-C,109
A,THR,404,A,ANGLE,CA-C-O,121
A,THR,405,A,ANGLE,C-O-CB,48
A,THR,406,A,ANGLE,O-CB-OG1,103
A,THR,407,A,ANGLE,CB-OG1-CG2,36
A,THR,408,A,ANGLE,OG1-CG2-N,41
A,THR,409,A,ANGLE,CG2-N-CA,158
A,GLN,410,B,ANGLE,N-CA-C,114
A,GLN,411,B,ANGLE,CA-C-O,121
A,GLN,412,B,ANGLE,C-O-CB,47
A,GLN,413,B,ANGLE,O-CB-CG,161
A,GLN,414,B,ANGLE,CB-CG-CD,111
A,GLN,415,B,ANGLE,CG-CD-OE1,120
A,GLN,416,B,ANGLE,CD-OE1-NE2,30
A,GLN,417,B,ANGLE,OE1-NE2-N,65
A,GLN,418,B,ANGLE,NE2-N-CA,146
A,ALA,419,B,ANGLE,N-CA-C,102
A,ALA,420,B,ANGLE,CA-C-O,120
A,ALA,421,B,ANGLE,C-O-CB,59
A,ALA,422,B,ANGLE,O-CB-N,39
A,ALA,423,B,ANGLE,CB-N-CA,143
A,LEU,424,B,ANGLE,N-CA-C,114
A,LEU,425,B,ANGLE,CA-C-O,121
A,LEU,426,B,ANGLE,C-O-CB,44
A,LEU,427,B,ANGLE,O-CB-CG,150
A,LEU,428,B,ANGLE,CB-CG-CD1,111
A,LEU,429,B,ANGLE,CG-CD1-CD2,35
A,LEU,430,B,ANGLE,CD1-CD2-N,95
A,LEU,431,B,ANGLE,CD2-N-CA,165
A,GLY,432,B,ANGLE,N-CA-C,110
A,GLY,433,B,ANGLE,CA-C-O,121
A,GLY,434,B,ANGLE,C-O-N,29
A,GLY,435,B,ANGLE,O-N-CA,97
A,ARG,436,L,ANGLE,N-CA-C,114
A,ARG,437,L,ANGLE,CA-C-O,120
A,ARG,438,L,ANGLE,C-O-CB,68
A,ARG,439,L,ANGLE,O-CB-CG,175
A,ARG,440,L,ANGLE,CB-CG-CD,114
A,ARG,441,L,ANGLE,CG-CD-NE,109
A,ARG,442,L,ANGLE,CD-NE-CZ,125
A,ARG,443,L,ANGLE,NE-CZ-NH1,121
A,ARG,444,L,ANGLE,CZ-NH1-NH2,30
A,ARG,445,L,ANGLE,NH1-NH2-N,91
A,ARG,446,L,ANGLE,NH2-N-CA,178
A,ALA,447,L,ANGLE,N-CA-C,112
A,ALA,448,L,ANGLE,CA-C-O,121
A,ALA,449,L,ANGLE,C-O-CB,67
A,ALA,450,L,ANGLE,O-CB-N,36
A,ALA,451,L,ANGLE,CB-N-CA,141
A,ALA,452,A,ANGLE,N-CA-C,111
A,ALA,453,A,ANGLE,CA-C-O,120
A,ALA,454,A,ANGLE,C-O-CB,47
A,ALA,455,A,ANGLE,O-CB-N,41
A,ALA,456,A,ANGLE,CB-N-CA,148
A,PHE,457,A,ANGLE,N-CA-C,111
A,PHE,458,A,ANGLE,CA-C-O,121
A,PHE,459,A,ANGLE,C-O-CB,65
A,PHE,460,A,ANGLE,O-CB-CG,163
A,PHE,461,A,ANGLE,CB-CG-CD1,121
A,PHE,462,A,ANGLE,CG-CD1-CD2,31
A,PHE,463,A,ANGLE,CD1-CD2-CE1,30
A,PHE,464,A,ANGLE,CD2-CE1-CE2,30
A,PHE,465,A,ANGLE,CE1-CE2-N,77
A,PHE,466,A,ANGLE,CE2-N-CA,160
A,GLY,468,E,ANGLE,N-CA-C,112
A,GLY,469,E,ANGLE,CA-C-O,121
A,GLY,470,E,ANGLE,C-O-N,30
A,GLY,471,E,ANGLE,O-N-CA,94
A,GLN,472,P,ANGLE,N-CA-C,108
A,GLN,473,P,ANGLE,CA-C-O,120
A,GLN,474,P,ANGLE,C-O-CB,48
A,GLN,475,P,ANGLE,O-CB-CG,151
A,GLN,476,P,ANGLE,CB-CG-CD,113
A,GLN,477,P,ANGLE,CG-CD-OE1,121
A,GLN,478,P,ANGLE,CD-OE1-NE2,30
A,GLN,479,P,ANGLE,OE1-NE2-N,117
A,GLN,480,P,ANGLE,NE2-N-CA,131
A,GLY,481,B,ANGLE,N-CA-C,110
A,GLY,482,B,ANGLE,CA-C-O,121
A,GLY,483,B,ANGLE,C-O-N,30
A,GLY,484,B,ANGLE,O-N-CA,95
A,SER,485,B,ANGLE,N-CA-C,107
A,SER,486,B,ANGLE,CA-C-O,120
A,SER,487,B,ANGLE,C-O-CB,36
A,SER,488,B,ANGLE,O-CB-OG,143
A,SER,489,B,ANGLE,CB-OG-N,19
A,SER,490,B,ANGLE,OG-N-CA,161
A,GLY,491,G,ANGLE,N-CA-C,112
A,GLY,492,G,ANGLE,CA-C-O,120
A,GLY,493,G,ANGLE,C-O-N,30
A,GLY,494,G,ANGLE,O-N-CA,93
A,PRO,495,P,ANGLE,N-CA-C,112
A,PRO,496,P,ANGLE,CA-C-O,120
A,PRO,497,P,ANGLE,C-O-CB,43
A,PRO,498,P,ANGLE,O-CB-CG,78
A,PRO,499,P,ANGLE,CB-CG-CD,103
A,PRO,500,P,ANGLE,CG-CD-N,61
A,PRO,501,P,ANGLE,CD-N-CA,138
A,ILE,502,P,ANGLE,N-CA-C,101
A,ILE,503,P,ANGLE,CA-C-O,121
A,ILE,504,P,ANGLE,C-O-CB,58
A,ILE,505,P,ANGLE,O-CB-CG1,163
A,ILE,506,P,ANGLE,CB-CG1-CG2,37
A,ILE,507,P,ANGLE,CG1-CG2-CD1,11
A,ILE,508,P,ANGLE,CG2-CD1-N,43
A,ILE,509,P,ANGLE,CD1-N-CA,165
A,MET,510,A,ANGLE,N-CA-C,118
A,MET,511,A,ANGLE,CA-C-O,120
A,MET,512,A,ANGLE,C-O-CB,42
A,MET,513,A,ANGLE,O-CB-CG,138
A,MET,514,A,ANGLE,CB-CG-SD,112
A,MET,515,A,ANGLE,CG-SD-CE,101
A,MET,516,A,ANGLE,SD-CE-N,23
A,MET,517,A,ANGLE,CE-N-CA,148
A,LEU,518,B,ANGLE,N-CA-C,110
A,LEU,519,B,ANGLE,CA-C-O,121
A,LEU,520,B,ANGLE,C-O-CB,41
A,LEU,521,B,ANGLE,O-CB-CG,151
A,LEU,522,B,ANGLE,CB-CG-CD1,109
A,LEU,523,B,ANGLE,CG-CD1-CD2,35
A,LEU,524,B,ANGLE,CD1-CD2-N,95
A,LEU,525,B,ANGLE,CD2-N-CA,167
A,ASP,526,B,ANGLE,N-CA-C,106
A,ASP,527,B,ANGLE,CA-C-O,120
A,ASP,528,B,ANGLE,C-O-CB,46
A,ASP,529,B,ANGLE,O-CB-CG,112
A,ASP,530,B,ANGLE,CB-CG-OD1,122
A,ASP,531,B,ANGLE,CG-OD1-OD2,29
A,ASP,532,B,ANGLE,OD1-OD2-N,30
A,ASP,533,B,ANGLE,OD2-N-CA,130
A,GLU,534,L,ANGLE,N-CA-C,111
A,GLU,535,L,ANGLE,CA-C-O,122
A,GLU,536,L,ANGLE,C-O-CB,65
A,GLU,537,L,ANGLE,O-CB-CG,169
A,GLU,538,L,ANGLE,CB-CG-CD,114
A,GLU,539,L,ANGLE,CG-CD-OE1,120
A,GLU,540,L,ANGLE,CD-OE1-OE2,29
A,GLU,541,L,ANGLE,OE1-OE2-N,59
A,GLU,542,L,ANGLE,OE2-N-CA,154
A,VAL,543,P,ANGLE,N-CA-C,111
A,VAL,544,P,ANGLE,CA-C-O,121
A,VAL,545,P,ANGLE,C-O-CB,53
A,VAL,546,P,ANGLE,O-CB-CG1,97
A,VAL,547,P,ANGLE,CB-CG1-CG2,35
A,VAL,548,P,ANGLE,CG1-CG2-N,45
A,VAL,549,P,ANGLE,CG2-N-CA,158
A,GLN,550,B,ANGLE,N-CA-C,110
A,GLN,551,B,ANGLE,CA-C-O,120
A,GLN,552,B,ANGLE,C-O-CB,65
A,GLN,553,B,ANGLE,O-CB-CG,170
A,GLN,554,B,ANGLE,CB-CG-CD,113
A,GLN,555,B,ANGLE,CG-CD-OE1,121
A,GLN,556,B,ANGLE,CD-OE1-NE2,30
A,GLN,557,B,ANGLE,OE1-NE2-N,51
A,GLN,558,B,ANGLE,NE2-N-CA,146
A,CYS,559,B,ANGLE,N-CA-C,111
A,CYS,560,B,ANGLE,CA-C-O,120
A,CYS,561,B,ANGLE,C-O-CB,44
A,CYS,562,B,ANGLE,O-CB-SG,151
A,CYS,563,B,ANGLE,CB-SG-N,19
A,CYS,564,B,ANGLE,SG-N-CA,156
A,THR,565,A,ANGLE,N-CA-C,107
A,THR,566,A,ANGLE,CA-C-O,122
A,THR,567,A,ANGLE,C-O-CB,49
A,THR,568,A,ANGLE,O-CB-OG1,96
A,THR,569,A,ANGLE,CB-OG1-CG2,37
A,THR,570,A,ANGLE,OG1-CG2-N,41
A,THR,571,A,ANGLE,CG2-N-CA,157
A,GLY,572,G,ANGLE,N-CA-C,114
A,GLY,573,G,ANGLE,CA-C-O,120
A,GLY,574,G,ANGLE,C-O-N,30
A,GLY,575,G,ANGLE,O-N-CA,94
A,THR,576,A,ANGLE,N-CA-C,114
A,THR,577,A,ANGLE,CA-C-O,121
A,THR,578,A,ANGLE,C-O-CB,60
A,THR,579,A,ANGLE,O-CB-OG1,87
A,THR,580,A,ANGLE,CB-OG1-CG2,36
A,THR,581,A,ANGLE,OG1-CG2-N,45
A,THR,582,A,ANGLE,CG2-N-CA,152
A,GLU,583,P,ANGLE,N-CA-C,115
A,GLU,584,P,ANGLE,CA-C-O,122
A,GLU,585,P,ANGLE,C-O-CB,42
A,GLU,586,P,ANGLE,O-CB-CG,153
A,GLU,587,P,ANGLE,CB-CG-CD,114
A,GLU,588,P,ANGLE,CG-CD-OE1,121
A,GLU,589,P,ANGLE,CD-OE1-OE2,29
A,GLU,590,P,ANGLE,OE1-OE2-N,51
A,GLU,591,P,ANGLE,OE2-N-CA,161
A,ALA,592,A,ANGLE,N-CA-C,111
A,ALA,593,A,ANGLE,CA-C-O,121
A,ALA,594,A,ANGLE,C-O-CB,46
A,ALA,595,A,ANGLE,O-CB-N,41
A,ALA,596,A,ANGLE,CB-N-CA,146
A,SER,597,B,ANGLE,N-CA-C,109
A,SER,598,B,ANGLE,CA-C-O,120
A,SER,599,B,ANGLE,C-O-CB,42
A,SER,600,B,ANGLE,O-CB-OG,99
A,SER,601,B,ANGLE,CB-OG-N,87
A,SER,602,B,ANGLE,OG-N-CA,131
A,LEU,603,A,ANGLE,N-CA-C,108
A,LEU,604,A,ANGLE,CA-C-O,121
A,LEU,605,A,ANGLE,C-O-CB,47
A,LEU,606,A,ANGLE,O-CB-CG,150
A,LEU,607,A,ANGLE,CB-CG-CD1,109
A,LEU,608,A,ANGLE,CG-CD1-CD2,35
A,LEU,609,A,ANGLE,CD1-CD2-N,81
A,LEU,610,A,ANGLE,CD2-N-CA,155
A,ALA,611,A,ANGLE,N-CA-C,112
A,ALA,612,A,ANGLE,CA-C-O,121
A,ALA,613,A,ANGLE,C-O-CB,48
A,ALA,614,A,ANGLE,O-CB-N,41
A,ALA,615,A,ANGLE,CB-N-CA,147
A,ASP,616,A,ANGLE,N-CA-C,114
A,ASP,617,A,ANGLE,CA-C-O,120
A,ASP,618,A,ANGLE,C-O-CB,58
A,ASP,619,A,ANGLE,O-CB-CG,153
A,ASP,620,A,ANGLE,CB-CG-OD1,118
A,ASP,621,A,ANGLE,CG-OD1-OD2,28
A,ASP,622,A,ANGLE,OD1-OD2-N,71
A,ASP,623,A,ANGLE,OD2-N-CA,152
A,CYS,624,B,ANGLE,N-CA-C,109
A,CYS,625,B,ANGLE,CA-C-O,121
A,CYS,626,B,ANGLE,C-O-CB,40
A,CYS,627,B,ANGLE,O-CB-SG,148
A,CYS,628,B,ANGLE,CB-SG-N,17
A,CYS,629,B,ANGLE,SG-N-CA,157
A,LYS,630,P,ANGLE,N-CA-C,106
A,LYS,631,P,ANGLE,CA-C-O,120
A,LYS,632,P,ANGLE,C-O-CB,50
A,LYS,633,P,ANGLE,O-CB-CG,105
A,LYS,634,P,ANGLE,CB-CG-CD,111
A,LYS,635,P,ANGLE,CG-CD-CE,112
A,LYS,636,P,ANGLE,CD-CE-NZ,113
A,LYS,637,P,ANGLE,CE-NZ-N,28
A,LYS,638,P,ANGLE,NZ-N-CA,105
A,SER,639,B,ANGLE,N-CA-C,106
A,SER,640,B,ANGLE,CA-C-O,120
A,SER,641,B,ANGLE,C-O-CB,27
A,SER,642,B,ANGLE,O-CB-OG,82
A,SER,643,B,ANGLE,CB-OG-N,72
A,SER,644,B,ANGLE,OG-N-CA,130
A,LEU,645,A,ANGLE,N-CA-C,111
A,LEU,646,A,ANGLE,CA-C-O,121
A,LEU,647,A,ANGLE,C-O-CB,55
A,LEU,648,A,ANGLE,O-CB-CG,149
A,LEU,649,A,ANGLE,CB-CG-CD1,110
A,LEU,650,A,ANGLE,CG-CD1-CD2,35
A,LEU,651,A,ANGLE,CD1-CD2-N,83
A,LEU,652,A,ANGLE,CD2-N-CA,149
A,GLY,653,E,ANGLE,N-CA-C,110
A,GLY,654,E,ANGLE,CA-C-O,119
A,GLY,655,E,ANGLE,C-O-N,30
A,GLY,656,E,ANGLE,O-N-CA,95
A,TRP,657,P,ANGLE,N-CA-C,114
A,TRP,658,P,ANGLE,CA-C-O,121
A,TRP,659,P,ANGLE,C-O-CB,52
A,TRP,660,P,ANGLE,O-CB-CG,165
A,TRP,661,P,ANGLE,CB-CG-CD1,127
A,TRP,662,P,ANGLE,CG-CD1-CD2,38
A,TRP,663,P,ANGLE,CD1-CD2-NE1,36
A,TRP,664,P,ANGLE,CD2-NE1-CE2,37
A,TRP,665,P,ANGLE,NE1-CE2-CE3,138
A,TRP,666,P,ANGLE,CE2-CE3-CZ2,30
A,TRP,667,P,ANGLE,CE3-CZ2-CZ3,30
A,TRP,668,P,ANGLE,CZ2-CZ3-CH2,29
A,TRP,669,P,ANGLE,CZ3-CH2-N,29
A,TRP,670,P,ANGLE,CH2-N-CA,146
A,LEU,671,L,ANGLE,N-CA-C,116
A,LEU,672,L,ANGLE,CA-C-O,120
A,LEU,673,L,ANGLE,C-O-CB,61
A,LEU,674,L,ANGLE,O-CB-CG,155
A,LEU,675,L,ANGLE,CB-CG-CD1,109
A,LEU,676,L,ANGLE,CG-CD1-CD2,35
A,LEU,677,L,ANGLE,CD1-CD2-N,88
A,LEU,678,L,ANGLE,CD2-N-CA,148
A,LYS,679,B,ANGLE,N-CA-C,110
A,LYS,680,B,ANGLE,CA-C-O,121
A,LYS,681,B,ANGLE,C-O-CB,58
A,LYS,682,B,ANGLE,O-CB-CG,95
A,LYS,683,B,ANGLE,CB-CG-CD,111
A,LYS,684,B,ANGLE,CG-CD-CE,111
A,LYS,685,B,ANGLE,CD-CE-NZ,113
A,LYS,686,B,ANGLE,CE-NZ-N,28
A,LYS,687,B,ANGLE,NZ-N-CA,122
A,SER,688,B,ANGLE,N-CA-C,113
A,SER,689,B,ANGLE,CA-C-O,121
A,SER,690,B,ANGLE,C-O-CB,44
A,SER,691,B,ANGLE,O-CB-OG,98
A,SER,692,B,ANGLE,CB-OG-N,86
A,SER,693,B,ANGLE,OG-N-CA,131
A,ASN,694,A,ANGLE,N-CA-C,111
A,ASN,695,A,ANGLE,CA-C-O,121
A,ASN,696,A,ANGLE,C-O-CB,59
A,ASN,697,A,ANGLE,O-CB-CG,127
A,ASN,698,A,ANGLE,CB-CG-OD1,122
A,ASN,699,A,ANGLE,CG-OD1-ND2,30
A,ASN,700,A,ANGLE,OD1-ND2-N,63
A,ASN,701,A,ANGLE,ND2-N-CA,137
A,CYS,702,P,ANGLE,N-CA-C,113
A,CYS,703,P,ANGLE,CA-C-O,121
A,CYS,704,P,ANGLE,C-O-CB,41
A,CYS,705,P,ANGLE,O-CB-SG,148
A,CYS,706,P,ANGLE,CB-SG-N,14
A,CYS,707,P,ANGLE,SG-N-CA,154
A,ARG,708,B,ANGLE,N-CA-C,104
A,ARG,709,B,ANGLE,CA-C-O,120
A,ARG,710,B,ANGLE,C-O-CB,38
A,ARG,711,B,ANGLE,O-CB-CG,148
A,ARG,712,B,ANGLE,CB-CG-CD,111
A,ARG,713,B,ANGLE,CG-CD-NE,112
A,ARG,714,B,ANGLE,CD-NE-CZ,124
A,ARG,715,B,ANGLE,NE-CZ-NH1,120
A,ARG,716,B,ANGLE,CZ-NH1-NH2,30
A,ARG,717,B,ANGLE,NH1-NH2-N,65
A,ARG,718,B,ANGLE,NH2-N-CA,136
A,HIS,719,A,ANGLE,N-CA-C,116
A,HIS,720,A,ANGLE,CA-C-O,121
A,HIS,721,A,ANGLE,C-O-CB,53
A,HIS,722,A,ANGLE,O-CB-CG,135
A,HIS,723,A,ANGLE,CB-CG-ND1,123
A,HIS,724,A,ANGLE,CG-ND1-CD2,37
A,HIS,725,A,ANGLE,ND1-CD2-CE1,35
A,HIS,726,A,ANGLE,CD2-CE1-NE2,36
A,HIS,727,A,ANGLE,CE1-NE2-N,80
A,HIS,728,A,ANGLE,NE2-N-CA,156
A,GLU,729,A,ANGLE,N-CA-C,110
A,GLU,730,A,ANGLE,CA-C-O,121
A,GLU,731,A,ANGLE,C-O-CB,54
A,GLU,732,A,ANGLE,O-CB-CG,83
A,GLU,733,A,ANGLE,CB-CG-CD,113
A,GLU,734,A,ANGLE,CG-CD-OE1,118
A,GLU,735,A,ANGLE,CD-OE1-OE2,28
A,GLU,736,A,ANGLE,OE1-OE2-N,117
A,GLU,737,A,ANGLE,OE2-N-CA,124
A,ARG,738,A,ANGLE,N-CA-C,111
A,ARG,739,A,ANGLE,CA-C-O,119
A,ARG,740,A,ANGLE,C-O-CB,61
A,ARG,741,A,ANGLE,O-CB-CG,160
A,ARG,742,A,ANGLE,CB-CG-CD,112
A,ARG,743,A,ANGLE,CG-CD-NE,112
A,ARG,744,A,ANGLE,CD-NE-CZ,124
A,ARG,745,A,ANGLE,NE-CZ-NH1,120
A,ARG,746,A,ANGLE,CZ-NH1-NH2,30
A,ARG,747,A,ANGLE,NH1-NH2-N,81
A,ARG,748,A,ANGLE,NH2-N-CA,131
A,ASP,749,P,ANGLE,N-CA-C,116
A,ASP,750,P,ANGLE,CA-C-O,121
A,ASP,751,P,ANGLE,C-O-CB,53
A,ASP,752,P,ANGLE,O-CB-CG,164
A,ASP,753,P,ANGLE,CB-CG-OD1,121
A,ASP,754,P,ANGLE,CG-OD1-OD2,30
A,ASP,755,P,ANGLE,OD1-OD2-N,53
A,ASP,756,P,ANGLE,OD2-N-CA,151
A,ALA,757,P,ANGLE,N-CA-C,115
A,ALA,758,P,ANGLE,CA-C-O,121
A,ALA,759,P,ANGLE,C-O-CB,44
A,ALA,760,P,ANGLE,O-CB-N,41
A,ALA,761,P,ANGLE,CB-N-CA,148
A,GLY,762,B,ANGLE,N-CA-C,110
A,GLY,763,B,ANGLE,CA-C-O,120
A,GLY,764,B,ANGLE,C-O-N,30
A,GLY,765,B,ANGLE,O-N-CA,94
A,VAL,766,B,ANGLE,N-CA-C,110
A,VAL,767,B,ANGLE,CA-C-O,121
A,VAL,768,B,ANGLE,C-O-CB,39
A,VAL,769,B,ANGLE,O-CB-CG1,144
A,VAL,770,B,ANGLE,CB-CG1-CG2,35
A,VAL,771,B,ANGLE,CG1-CG2-N,92
A,VAL,772,B,ANGLE,CG2-N-CA,121
A,VAL,773,B,ANGLE,N-CA-C,101
A,VAL,774,B,ANGLE,CA-C-O,120
A,VAL,775,B,ANGLE,C-O-CB,54
A,VAL,776,B,ANGLE,O-CB-CG1,103
A,VAL,777,B,ANGLE,CB-CG1-CG2,35
A,VAL,778,B,ANGLE,CG1-CG2-N,46
A,VAL,779,B,ANGLE,CG2-N-CA,154
A,CYS,780,B,ANGLE,N-CA-C,111
A,CYS,781,B,ANGLE,CA-C-O,121
A,CYS,782,B,ANGLE,C-O-CB,36
A,CYS,783,B,ANGLE,O-CB-SG,144
A,CYS,784,B,ANGLE,CB-SG-N,13
A,CYS,785,B,ANGLE,SG-N-CA,157
A,THR,786,P,ANGLE,N-CA-C,107
A,THR,787,P,ANGLE,CA-C-O,121
A,THR,788,P,ANGLE,C-O-CB,44
A,THR,789,P,ANGLE,O-CB-OG1,77
A,THR,790,P,ANGLE,CB-OG1-CG2,36
A,THR,791,P,ANGLE,OG1-CG2-N,64
A,THR,792,P,ANGLE,CG2-N-CA,156
A,ASN,793,A,ANGLE,N-CA-C,106
A,ASN,794,A,ANGLE,CA-C-O,122
A,ASN,795,A,ANGLE,C-O-CB,43
A,ASN,796,A,ANGLE,O-CB-CG,124
A,ASN,797,A,ANGLE,CB-CG-OD1,121
A,ASN,798,A,ANGLE,CG-OD1-ND2,30
A,ASN,799,A,ANGLE,OD1-ND2-N,84
A,ASN,800,A,ANGLE,ND2-N-CA,141
A,GLU,801,P,ANGLE,N-CA-C,112
A,GLU,802,P,ANGLE,CA-C-O,121
A,GLU,803,P,ANGLE,C-O-CB,48
A,GLU,804,P,ANGLE,O-CB-CG,108
A,GLU,805,P,ANGLE,CB-CG-CD,113
A,GLU,806,P,ANGLE,CG-CD-OE1,119
A,GLU,807,P,ANGLE,CD-OE1-OE2,29
A,GLU,808,P,ANGLE,OE1-OE2-N,53
A,GLU,809,P,ANGLE,OE2-N-CA,147
A,THR,810,B,ANGLE,N-CA-C,107
A,THR,811,B,ANGLE,CA-C-O,120
A,THR,812,B,ANGLE,C-O-CB,47
A,THR,813,B,ANGLE,O-CB-OG1,154
A,THR,814,B,ANGLE,CB-OG1-CG2,37
A,THR,815,B,ANGLE,OG1-CG2-N,77
A,THR,816,B,ANGLE,CG2-N-CA,55
A,THR,817,B,ANGLE,N-CA-C,108
A,THR,818,B,ANGLE,CA-C-O,120
A,THR,819,B,ANGLE,C-O-CB,41
A,THR,820,B,ANGLE,O-CB-OG1,110
A,THR,821,B,ANGLE,CB-OG1-CG2,36
A,THR,822,B,ANGLE,OG1-CG2-N,55
A,THR,823,B,ANGLE,CG2-N-CA,129
A,VAL,6,B,TORSION,N-CA-C-O,-44
A,VAL,7,B,TORSION,CA-C-O-CB,-37
A,VAL,8,B,TORSION,C-O-CB-CG1,-65
A,VAL,9,B,TORSION,O-CB-CG1-CG2,172
A,VAL,10,B,TORSION,CB-CG1-CG2-N,-40
A,VAL,11,B,TORSION,CG1-CG2-N-CA,51
A,ASN,13,B,TORSION,N-CA-C-O,-14
A,ASN,14,B,TORSION,CA-C-O-CB,-42
A,ASN,15,B,TORSION,C-O-CB-CG,104
A,ASN,16,B,TORSION,O-CB-CG-OD1,-100
A,ASN,17,B,TORSION,CB-CG-OD1-ND2,179
A,ASN,18,B,TORSION,CG-OD1-ND2-N,-8
A,ASN,19,B,TORSION,OD1-ND2-N-CA,145
A,ASP,21,P,TORSION,N-CA-C-O,-50
A,ASP,22,P,TORSION,CA-C-O-CB,-35
A,ASP,23,P,TORSION,C-O-CB-CG,83
A,ASP,24,P,TORSION,O-CB-CG-OD1,-48
A,ASP,25,P,TORSION,CB-CG-OD1-OD2,-178
A,ASP,26,P,TORSION,CG-OD1-OD2-N,15
A,ASP,27,P,TORSION,OD1-OD2-N-CA,178
A,GLY,29,G,TORSION,N-CA-C-O,171
A,GLY,30,G,TORSION,CA-C-O-N,179
A,GLY,31,G,TORSION,C-O-N-CA,178
A,ASP,33,P,TORSION,N-CA-C-O,-41
A,ASP,34,P,TORSION,CA-C-O-CB,-37
A,ASP,35,P,TORSION,C-O-CB-CG,60
A,ASP,36,P,TORSION,O-CB-CG-OD1,-5
A,ASP,37,P,TORSION,CB-CG-OD1-OD2,180
A,ASP,38,P,TORSION,CG-OD1-OD2-N,24
A,ASP,39,P,TORSION,OD1-OD2-N-CA,-178
A,MET,41,B,TORSION,N-CA-C-O,-17
A,MET,42,B,TORSION,CA-C-O-CB,-43
A,MET,43,B,TORSION,C-O-CB-CG,105
A,MET,44,B,TORSION,O-CB-CG-SD,134
A,MET,45,B,TORSION,CB-CG-SD-CE,-70
A,MET,46,B,TORSION,CG-SD-CE-N,40
A,MET,47,B,TORSION,SD-CE-N-CA,126
A,ARG,49,B,TORSION,N-CA-C-O,-21
A,ARG,50,B,TORSION,CA-C-O-CB,-41
A,ARG,51,B,TORSION,C-O-CB-CG,-143
A,ARG,52,B,TORSION,O-CB-CG-CD,170
A,ARG,53,B,TORSION,CB-CG-CD-NE,-176
A,ARG,54,B,TORSION,CG-CD-NE-CZ,-157
A,ARG,55,B,TORSION,CD-NE-CZ-NH1,-0
A,ARG,56,B,TORSION,NE-CZ-NH1-NH2,178
A,ARG,57,B,TORSION,CZ-NH1-NH2-N,2
A,ARG,58,B,TORSION,NH1-NH2-N-CA,155
A,LEU,60,B,TORSION,N-CA-C-O,-42
A,LEU,61,B,TORSION,CA-C-O-CB,-36
A,LEU,62,B,TORSION,C-O-CB-CG,109
A,LEU,63,B,TORSION,O-CB-CG-CD1,136
A,LEU,64,B,TORSION,CB-CG-CD1-CD2,123
A,LEU,65,B,TORSION,CG-CD1-CD2-N,-48
A,LEU,66,B,TORSION,CD1-CD2-N-CA,-27
A,ALA,68,B,TORSION,N-CA-C-O,-22
A,ALA,69,B,TORSION,CA-C-O-CB,-42
A,ALA,70,B,TORSION,C-O-CB-N,-21
A,ALA,71,B,TORSION,O-CB-N-CA,-76
A,ASP,73,L,TORSION,N-CA-C-O,-156
A,ASP,74,L,TORSION,CA-C-O-CB,17
A,ASP,75,L,TORSION,C-O-CB-CG,-95
A,ASP,76,L,TORSION,O-CB-CG-OD1,56
A,ASP,77,L,TORSION,CB-CG-OD1-OD2,180
A,ASP,78,L,TORSION,CG-OD1-OD2-N,-8
A,ASP,79,L,TORSION,OD1-OD2-N-CA,152
A,GLY,81,A,TORSION,N-CA-C-O,166
A,GLY,82,A,TORSION,CA-C-O-N,-178
A,GLY,83,A,TORSION,C-O-N-CA,-177
A,GLY,85,U,TORSION,N-CA-C-O,107
A,GLY,86,U,TORSION,CA-C-O-N,-178
A,GLY,87,U,TORSION,C-O-N-CA,-180
A,ALA,89,P,TORSION,N-CA-C-O,-10
A,ALA,90,P,TORSION,CA-C-O-CB,-41
A,ALA,91,P,TORSION,C-O-CB-N,-22
A,ALA,92,P,TORSION,O-CB-N-CA,-73
A,THR,94,A,TORSION,N-CA-C-O,168
A,THR,95,A,TORSION,CA-C-O-CB,35
A,THR,96,A,TORSION,C-O-CB-OG1,67
A,THR,97,A,TORSION,O-CB-OG1-CG2,-177
A,THR,98,A,TORSION,CB-OG1-CG2-N,35
A,THR,99,A,TORSION,OG1-CG2-N-CA,-63
A,ASN,101,A,TORSION,N-CA-C-O,-155
A,ASN,102,A,TORSION,CA-C-O-CB,15
A,ASN,103,A,TORSION,C-O-CB-CG,99
A,ASN,104,A,TORSION,O-CB-CG-OD1,-106
A,ASN,105,A,TORSION,CB-CG-OD1-ND2,179
A,ASN,106,A,TORSION,CG-OD1-ND2-N,-57
A,ASN,107,A,TORSION,OD1-ND2-N-CA,-133
A,GLN,109,B,TORSION,N-CA-C-O,-23
A,GLN,110,B,TORSION,CA-C-O-CB,-41
A,GLN,111,B,TORSION,C-O-CB-CG,-144
A,GLN,112,B,TORSION,O-CB-CG-CD,156
A,GLN,113,B,TORSION,CB-CG-CD-OE1,12
A,GLN,114,B,TORSION,CG-CD-OE1-NE2,-179
A,GLN,115,B,TORSION,CD-OE1-NE2-N,33
A,GLN,116,B,TORSION,OE1-NE2-N-CA,149
A,GLY,118,G,TORSION,N-CA-C-O,6
A,GLY,119,G,TORSION,CA-C-O-N,177
A,GLY,120,G,TORSION,C-O-N-CA,176
A,ARG,122,P,TORSION,N-CA-C-O,-41
A,ARG,123,P,TORSION,CA-C-O-CB,-36
A,ARG,124,P,TORSION,C-O-CB-CG,-67
A,ARG,125,P,TORSION,O-CB-CG-CD,-130
A,ARG,126,P,TORSION,CB-CG-CD-NE,59
A,ARG,127,P,TORSION,CG-CD-NE-CZ,-107
A,ARG,128,P,TORSION,CD-NE-CZ-NH1,-1
A,ARG,129,P,TORSION,NE-CZ-NH1-NH2,178
A,ARG,130,P,TORSION,CZ-NH1-NH2-N,-41
A,ARG,131,P,TORSION,NH1-NH2-N-CA,168
A,VAL,133,P,TORSION,N-CA-C-O,-51
A,VAL,134,P,TORSION,CA-C-O-CB,-35
A,VAL,135,P,TORSION,C-O-CB-CG1,-74
A,VAL,136,P,TORSION,O-CB-CG1-CG2,172
A,VAL,137,P,TORSION,CB-CG1-CG2-N,-43
A,VAL,138,P,TORSION,CG1-CG2-N-CA,38
A,GLU,140,B,TORSION,N-CA-C-O,-29
A,GLU,141,B,TORSION,CA-C-O-CB,-38
A,GLU,142,B,TORSION,C-O-CB-CG,99
A,GLU,143,B,TORSION,O-CB-CG-CD,157
A,GLU,144,B,TORSION,CB-CG-CD-OE1,-17
A,GLU,145,B,TORSION,CG-CD-OE1-OE2,-178
A,GLU,146,B,TORSION,CD-OE1-OE2-N,-23
A,GLU,147,B,TORSION,OE1-OE2-N-CA,-22
A,ILE,149,B,TORSION,N-CA-C-O,-34
A,ILE,150,B,TORSION,CA-C-O-CB,-39
A,ILE,151,B,TORSION,C-O-CB-CG1,-56
A,ILE,152,B,TORSION,O-CB-CG1-CG2,-80
A,ILE,153,B,TORSION,CB-CG1-CG2-CD1,-122
A,ILE,154,B,TORSION,CG1-CG2-CD1-N,-12
A,ILE,155,B,TORSION,CG2-CD1-N-CA,-109
A,PHE,157,B,TORSION,N-CA-C-O,-42
A,PHE,158,B,TORSION,CA-C-O-CB,-37
A,PHE,159,B,TORSION,C-O-CB-CG,-69
A,PHE,160,B,TORSION,O-CB-CG-CD1,135
A,PHE,161,B,TORSION,CB-CG-CD1-CD2,179
A,PHE,162,B,TORSION,CG-CD1-CD2-CE1,-180
A,PHE,163,B,TORSION,CD1-CD2-CE1-CE2,-180
A,PHE,164,B,TORSION,CD2-CE1-CE2-N,48
A,PHE,165,B,TORSION,CE1-CE2-N-CA,135
A,TYR,168,B,TORSION,N-CA-C-O,-54
A,TYR,169,B,TORSION,CA-C-O-CB,-34
A,TYR,170,B,TORSION,C-O-CB-CG,-75
A,TYR,171,B,TORSION,O-CB-CG-CD1,116
A,TYR,172,B,TORSION,CB-CG-CD1-CD2,180
A,TYR,173,B,TORSION,CG-CD1-CD2-CE1,180
A,TYR,174,B,TORSION,CD1-CD2-CE1-CE2,180
A,TYR,175,B,TORSION,CD2-CE1-CE2-CZ,179
A,TYR,176,B,TORSION,CE1-CE2-CZ-OH,180
A,TYR,177,B,TORSION,CE2-CZ-OH-N,98
A,TYR,178,B,TORSION,CZ-OH-N-CA,-149
A,ARG,180,L,TORSION,N-CA-C-O,-129
A,ARG,181,L,TORSION,CA-C-O-CB,1
A,ARG,182,L,TORSION,C-O-CB-CG,-66
A,ARG,183,L,TORSION,O-CB-CG-CD,-112
A,ARG,184,L,TORSION,CB-CG-CD-NE,174
A,ARG,185,L,TORSION,CG-CD-NE-CZ,-180
A,ARG,186,L,TORSION,CD-NE-CZ-NH1,-0
A,ARG,187,L,TORSION,NE-CZ-NH1-NH2,-180
A,ARG,188,L,TORSION,CZ-NH1-NH2-N,-7
A,ARG,189,L,TORSION,NH1-NH2-N-CA,-37
A,GLY,191,G,TORSION,N-CA-C-O,171
A,GLY,192,G,TORSION,CA-C-O-N,-180
A,GLY,193,G,TORSION,C-O-N-CA,180
A,GLN,195,B,TORSION,N-CA-C-O,-18
A,GLN,196,B,TORSION,CA-C-O-CB,-41
A,GLN,197,B,TORSION,C-O-CB-CG,-150
A,GLN,198,B,TORSION,O-CB-CG-CD,161
A,GLN,199,B,TORSION,CB-CG-CD-OE1,-25
A,GLN,200,B,TORSION,CG-CD-OE1-NE2,179
A,GLN,201,B,TORSION,CD-OE1-NE2-N,15
A,GLN,202,B,TORSION,OE1-NE2-N-CA,110
A,TRP,204,B,TORSION,N-CA-C-O,-35
A,TRP,205,B,TORSION,CA-C-O-CB,-39
A,TRP,206,B,TORSION,C-O-CB-CG,86
A,TRP,207,B,TORSION,O-CB-CG-CD1,57
A,TRP,208,B,TORSION,CB-CG-CD1-CD2,-179
A,TRP,209,B,TORSION,CG-CD1-CD2-NE1,180
A,TRP,210,B,TORSION,CD1-CD2-NE1-CE2,-180
A,TRP,211,B,TORSION,CD2-NE1-CE2-CE3,-0
A,TRP,212,B,TORSION,NE1-CE2-CE3-CZ2,-180
A,TRP,213,B,TORSION,CE2-CE3-CZ2-CZ3,-180
A,TRP,214,B,TORSION,CE3-CZ2-CZ3-CH2,-180
A,TRP,215,B,TORSION,CZ2-CZ3-CH2-N,-23
A,TRP,216,B,TORSION,CZ3-CH2-N-CA,5
A,GLY,218,B,TORSION,N-CA-C-O,-2
A,GLY,219,B,TORSION,CA-C-O-N,-178
A,GLY,220,B,TORSION,C-O-N-CA,-177
A,THR,222,B,TORSION,N-CA-C-O,0
A,THR,223,B,TORSION,CA-C-O-CB,-41
A,THR,224,B,TORSION,C-O-CB-OG1,-147
A,THR,225,B,TORSION,O-CB-OG1-CG2,-146
A,THR,226,B,TORSION,CB-OG1-CG2-N,-0
A,THR,227,B,TORSION,OG1-CG2-N-CA,-53
A,VAL,229,B,TORSION,N-CA-C-O,-49
A,VAL,230,B,TORSION,CA-C-O-CB,-35
A,VAL,231,B,TORSION,C-O-CB-CG1,-72
A,VAL,232,B,TORSION,O-CB-CG1-CG2,174
A,VAL,233,B,TORSION,CB-CG1-CG2-N,-40
A,VAL,234,B,TORSION,CG1-CG2-N-CA,51
A,CYS,236,P,TORSION,N-CA-C-O,-38
A,CYS,237,P,TORSION,CA-C-O-CB,-39
A,CYS,238,P,TORSION,C-O-CB-SG,-58
A,CYS,239,P,TORSION,O-CB-SG-N,25
A,CYS,240,P,TORSION,CB-SG-N-CA,-134
A,ASP,242,A,TORSION,N-CA-C-O,179
A,ASP,243,A,TORSION,CA-C-O-CB,28
A,ASP,244,A,TORSION,C-O-CB-CG,82
A,ASP,245,A,TORSION,O-CB-CG-OD1,-47
A,ASP,246,A,TORSION,CB-CG-OD1-OD2,178
A,ASP,247,A,TORSION,CG-OD1-OD2-N,-21
A,ASP,248,A,TORSION,OD1-OD2-N-CA,-74
A,ASN,250,P,TORSION,N-CA-C-O,-61
A,ASN,251,P,TORSION,CA-C-O-CB,-31
A,ASN,252,P,TORSION,C-O-CB-CG,67
A,ASN,253,P,TORSION,O-CB-CG-OD1,-57
A,ASN,254,P,TORSION,CB-CG-OD1-ND2,-179
A,ASN,255,P,TORSION,CG-OD1-ND2-N,4
A,ASN,256,P,TORSION,OD1-ND2-N-CA,155
A,LEU,258,L,TORSION,N-CA-C-O,-172
A,LEU,259,L,TORSION,CA-C-O-CB,25
A,LEU,260,L,TORSION,C-O-CB-CG,-99
A,LEU,261,L,TORSION,O-CB-CG-CD1,-111
A,LEU,262,L,TORSION,CB-CG-CD1-CD2,123
A,LEU,263,L,TORSION,CG-CD1-CD2-N,-28
A,LEU,264,L,TORSION,CD1-CD2-N-CA,-68
A,TRP,266,P,TORSION,N-CA-C-O,-60
A,TRP,267,P,TORSION,CA-C-O-CB,-30
A,TRP,268,P,TORSION,C-O-CB-CG,-78
A,TRP,269,P,TORSION,O-CB-CG-CD1,-59
A,TRP,270,P,TORSION,CB-CG-CD1-CD2,-179
A,TRP,271,P,TORSION,CG-CD1-CD2-NE1,180
A,TRP,272,P,TORSION,CD1-CD2-NE1-CE2,180
A,TRP,273,P,TORSION,CD2-NE1-CE2-CE3,0
A,TRP,274,P,TORSION,NE1-CE2-CE3-CZ2,180
A,TRP,275,P,TORSION,CE2-CE3-CZ2-CZ3,180
A,TRP,276,P,TORSION,CE3-CZ2-CZ3-CH2,-180
A,TRP,277,P,TORSION,CZ2-CZ3-CH2-N,40
A,TRP,278,P,TORSION,CZ3-CH2-N-CA,158
A,ASP,280,B,TORSION,N-CA-C-O,1
A,ASP,281,B,TORSION,CA-C-O-CB,-41
A,ASP,282,B,TORSION,C-O-CB-CG,-134
A,ASP,283,B,TORSION,O-CB-CG-OD1,1
A,ASP,284,B,TORSION,CB-CG-OD1-OD2,176
A,ASP,285,B,TORSION,CG-OD1-OD2-N,-38
A,ASP,286,B,TORSION,OD1-OD2-N-CA,-65
A,LEU,288,A,TORSION,N-CA-C-O,149
A,LEU,289,A,TORSION,CA-C-O-CB,38
A,LEU,290,A,TORSION,C-O-CB-CG,176
A,LEU,291,A,TORSION,O-CB-CG-CD1,111
A,LEU,292,A,TORSION,CB-CG-CD1-CD2,121
A,LEU,293,A,TORSION,CG-CD1-CD2-N,-6
A,LEU,294,A,TORSION,CD1-CD2-N-CA,127
A,THR,296,A,TORSION,N-CA-C-O,139
A,THR,297,A,TORSION,CA-C-O-CB,40
A,THR,298,A,TORSION,C-O-CB-OG1,-99
A,THR,299,A,TORSION,O-CB-OG1-CG2,-90
A,THR,300,A,TORSION,CB-OG1-CG2-N,9
A,THR,301,A,TORSION,OG1-CG2-N-CA,-171
A,ASP,303,A,TORSION,N-CA-C-O,134
A,ASP,304,A,TORSION,CA-C-O-CB,43
A,ASP,305,A,TORSION,C-O-CB-CG,-121
A,ASP,306,A,TORSION,O-CB-CG-OD1,23
A,ASP,307,A,TORSION,CB-CG-OD1-OD2,-178
A,ASP,308,A,TORSION,CG-OD1-OD2-N,-11
A,ASP,309,A,TORSION,OD1-OD2-N-CA,148
A,ALA,311,A,TORSION,N-CA-C-O,139
A,ALA,312,A,TORSION,CA-C-O-CB,40
A,ALA,313,A,TORSION,C-O-CB-N,19
A,ALA,314,A,TORSION,O-CB-N-CA,63
A,SER,316,A,TORSION,N-CA-C-O,150
A,SER,317,A,TORSION,CA-C-O-CB,36
A,SER,318,A,TORSION,C-O-CB-OG,71
A,SER,319,A,TORSION,O-CB-OG-N,-33
A,SER,320,A,TORSION,CB-OG-N-CA,137
A,VAL,322,A,TORSION,N-CA-C-O,137
A,VAL,323,A,TORSION,CA-C-O-CB,41
A,VAL,324,A,TORSION,C-O-CB-CG1,136
A,VAL,325,A,TORSION,O-CB-CG1-CG2,131
A,VAL,326,A,TORSION,CB-CG1-CG2-N,-12
A,VAL,327,A,TORSION,CG1-CG2-N-CA,-2
A,VAL,329,A,TORSION,N-CA-C-O,125
A,VAL,330,A,TORSION,CA-C-O-CB,43
A,VAL,331,A,TORSION,C-O-CB-CG1,145
A,VAL,332,A,TORSION,O-CB-CG1-CG2,142
A,VAL,333,A,TORSION,CB-CG1-CG2-N,-4
A,VAL,334,A,TORSION,CG1-CG2-N-CA,28
A,CYS,336,A,TORSION,N-CA-C-O,131
A,CYS,337,A,TORSION,CA-C-O-CB,41
A,CYS,338,A,TORSION,C-O-CB-SG,-130
A,CYS,339,A,TORSION,O-CB-SG-N,76
A,CYS,340,A,TORSION,CB-SG-N-CA,-19
A,ARG,342,A,TORSION,N-CA-C-O,139
A,ARG,343,A,TORSION,CA-C-O-CB,39
A,ARG,344,A,TORSION,C-O-CB-CG,-113
A,ARG,345,A,TORSION,O-CB-CG-CD,-133
A,ARG,346,A,TORSION,CB-CG-CD-NE,97
A,ARG,347,A,TORSION,CG-CD-NE-CZ,-93
A,ARG,348,A,TORSION,CD-NE-CZ-NH1,-0
A,ARG,349,A,TORSION,NE-CZ-NH1-NH2,180
A,ARG,350,A,TORSION,CZ-NH1-NH2-N,-64
A,ARG,351,A,TORSION,NH1-NH2-N-CA,-65
A,ALA,353,A,TORSION,N-CA-C-O,148
A,ALA,354,A,TORSION,CA-C-O-CB,40
A,ALA,355,A,TORSION,C-O-CB-N,22
A,ALA,356,A,TORSION,O-CB-N-CA,62
A,LEU,358,A,TORSION,N-CA-C-O,-171
A,LEU,359,A,TORSION,CA-C-O-CB,24
A,LEU,360,A,TORSION,C-O-CB-CG,-99
A,LEU,361,A,TORSION,O-CB-CG-CD1,-112
A,LEU,362,A,TORSION,CB-CG-CD1-CD2,121
A,LEU,363,A,TORSION,CG-CD1-CD2-N,-31
A,LEU,364,A,TORSION,CD1-CD2-N-CA,-92
A,GLY,366,G,TORSION,N-CA-C-O,-161
A,GLY,367,G,TORSION,CA-C-O-N,179
A,GLY,368,G,TORSION,C-O-N-CA,179
A,PHE,370,B,TORSION,N-CA-C-O,-18
A,PHE,371,B,TORSION,CA-C-O-CB,-40
A,PHE,372,B,TORSION,C-O-CB-CG,110
A,PHE,373,B,TORSION,O-CB-CG-CD1,-110
A,PHE,374,B,TORSION,CB-CG-CD1-CD2,179
A,PHE,375,B,TORSION,CG-CD1-CD2-CE1,-180
A,PHE,376,B,TORSION,CD1-CD2-CE1-CE2,-180
A,PHE,377,B,TORSION,CD2-CE1-CE2-N,-8
A,PHE,378,B,TORSION,CE1-CE2-N-CA,159
A,GLU,381,A,TORSION,N-CA-C-O,142
A,GLU,382,A,TORSION,CA-C-O-CB,40
A,GLU,383,A,TORSION,C-O-CB-CG,-137
A,GLU,384,A,TORSION,O-CB-CG-CD,-130
A,GLU,385,A,TORSION,CB-CG-CD-OE1,26
A,GLU,386,A,TORSION,CG-CD-OE1-OE2,179
A,GLU,387,A,TORSION,CD-OE1-OE2-N,17
A,GLU,388,A,TORSION,OE1-OE2-N-CA,-13
A,ASN,390,B,TORSION,N-CA-C-O,-3
A,ASN,391,B,TORSION,CA-C-O-CB,-43
A,ASN,392,B,TORSION,C-O-CB-CG,-12
A,ASN,393,B,TORSION,O-CB-CG-OD1,21
A,ASN,394,B,TORSION,CB-CG-OD1-ND2,178
A,ASN,395,B,TORSION,CG-OD1-ND2-N,32
A,ASN,396,B,TORSION,OD1-ND2-N-CA,104
A,ALA,398,B,TORSION,N-CA-C-O,-32
A,ALA,399,B,TORSION,CA-C-O-CB,-39
A,ALA,400,B,TORSION,C-O-CB-N,-18
A,ALA,401,B,TORSION,O-CB-N-CA,-61
A,THR,403,A,TORSION,N-CA-C-O,155
A,THR,404,A,TORSION,CA-C-O-CB,37
A,THR,405,A,TORSION,C-O-CB-OG1,60
A,THR,406,A,TORSION,O-CB-OG1-CG2,-170
A,THR,407,A,TORSION,CB-OG1-CG2-N,40
A,THR,408,A,TORSION,OG1-CG2-N-CA,-56
A,GLN,410,B,TORSION,N-CA-C-O,-38
A,GLN,411,B,TORSION,CA-C-O-CB,-39
A,GLN,412,B,TORSION,C-O-CB-CG,83
A,GLN,413,B,TORSION,O-CB-CG-CD,132
A,GLN,414,B,TORSION,CB-CG-CD-OE1,79
A,GLN,415,B,TORSION,CG-CD-OE1-NE2,-178
A,GLN,416,B,TORSION,CD-OE1-NE2-N,30
A,GLN,417,B,TORSION,OE1-NE2-N-CA,69
A,ALA,419,B,TORSION,N-CA-C-O,-65
A,ALA,420,B,TORSION,CA-C-O-CB,-27
A,ALA,421,B,TORSION,C-O-CB-N,-12
A,ALA,422,B,TORSION,O-CB-N-CA,-36
A,LEU,424,B,TORSION,N-CA-C-O,-29
A,LEU,425,B,TORSION,CA-C-O-CB,-40
A,LEU,426,B,TORSION,C-O-CB-CG,110
A,LEU,427,B,TORSION,O-CB-CG-CD1,128
A,LEU,428,B,TORSION,CB-CG-CD1-CD2,121
A,LEU,429,B,TORSION,CG-CD1-CD2-N,-46
A,LEU,430,B,TORSION,CD1-CD2-N-CA,-66
A,GLY,432,B,TORSION,N-CA-C-O,15
A,GLY,433,B,TORSION,CA-C-O-N,178
A,GLY,434,B,TORSION,C-O-N-CA,177
A,ARG,436,L,TORSION,N-CA-C-O,-139
A,ARG,437,L,TORSION,CA-C-O-CB,8
A,ARG,438,L,TORSION,C-O-CB-CG,-86
A,ARG,439,L,TORSION,O-CB-CG-CD,10
A,ARG,440,L,TORSION,CB-CG-CD-NE,118
A,ARG,441,L,TORSION,CG-CD-NE-CZ,100
A,ARG,442,L,TORSION,CD-NE-CZ-NH1,2
A,ARG,443,L,TORSION,NE-CZ-NH1-NH2,-171
A,ARG,444,L,TORSION,CZ-NH1-NH2-N,19
A,ARG,445,L,TORSION,NH1-NH2-N-CA,-90
A,ALA,447,L,TORSION,N-CA-C-O,-129
A,ALA,448,L,TORSION,CA-C-O-CB,3
A,ALA,449,L,TORSION,C-O-CB-N,1
A,ALA,450,L,TORSION,O-CB-N-CA,5
A,ALA,452,A,TORSION,N-CA-C-O,152
A,ALA,453,A,TORSION,CA-C-O-CB,38
A,ALA,454,A,TORSION,C-O-CB-N,20
A,ALA,455,A,TORSION,O-CB-N-CA,59
A,PHE,457,A,TORSION,N-CA-C-O,-147
A,PHE,458,A,TORSION,CA-C-O-CB,13
A,PHE,459,A,TORSION,C-O-CB-CG,-84
A,PHE,460,A,TORSION,O-CB-CG-CD1,-12
A,PHE,461,A,TORSION,CB-CG-CD1-CD2,179
A,PHE,462,A,TORSION,CG-CD1-CD2-CE1,-180
A,PHE,463,A,TORSION,CD1-CD2-CE1-CE2,-180
A,PHE,464,A,TORSION,CD2-CE1-CE2-N,-21
A,PHE,465,A,TORSION,CE1-CE2-N-CA,108
A,GLY,468,E,TORSION,N-CA-C-O,-21
A,GLY,469,E,TORSION,CA-C-O-N,178
A,GLY,470,E,TORSION,C-O-N-CA,178
A,GLN,472,P,TORSION,N-CA-C-O,-36
A,GLN,473,P,TORSION,CA-C-O-CB,-38
A,GLN,474,P,TORSION,C-O-CB-CG,103
A,GLN,475,P,TORSION,O-CB-CG-CD,142
A,GLN,476,P,TORSION,CB-CG-CD-OE1,-157
A,GLN,477,P,TORSION,CG-CD-OE1-NE2,-179
A,GLN,478,P,TORSION,CD-OE1-NE2-N,-1
A,GLN,479,P,TORSION,OE1-NE2-N-CA,-157
A,GLY,481,B,TORSION,N-CA-C-O,14
A,GLY,482,B,TORSION,CA-C-O-N,-177
A,GLY,483,B,TORSION,C-O-N-CA,-177
A,SER,485,B,TORSION,N-CA-C-O,-5
A,SER,486,B,TORSION,CA-C-O-CB,-42
A,SER,487,B,TORSION,C-O-CB-OG,112
A,SER,488,B,TORSION,O-CB-OG-N,-80
A,SER,489,B,TORSION,CB-OG-N-CA,-15
A,GLY,491,G,TORSION,N-CA-C-O,4
A,GLY,492,G,TORSION,CA-C-O-N,179
A,GLY,493,G,TORSION,C-O-N-CA,179
A,PRO,495,P,TORSION,N-CA-C-O,-18
A,PRO,496,P,TORSION,CA-C-O-CB,-40
A,PRO,497,P,TORSION,C-O-CB-CG,178
A,PRO,498,P,TORSION,O-CB-CG-CD,-81
A,PRO,499,P,TORSION,CB-CG-CD-N,46
A,PRO,500,P,TORSION,CG-CD-N-CA,79
A,ILE,502,P,TORSION,N-CA-C-O,-65
A,ILE,503,P,TORSION,CA-C-O-CB,-28
A,ILE,504,P,TORSION,C-O-CB-CG1,46
A,ILE,505,P,TORSION,O-CB-CG1-CG2,-135
A,ILE,506,P,TORSION,CB-CG1-CG2-CD1,3
A,ILE,507,P,TORSION,CG1-CG2-CD1-N,135
A,ILE,508,P,TORSION,CG2-CD1-N-CA,67
A,MET,510,A,TORSION,N-CA-C-O,137
A,MET,511,A,TORSION,CA-C-O-CB,41
A,MET,512,A,TORSION,C-O-CB-CG,-129
A,MET,513,A,TORSION,O-CB-CG-SD,-26
A,MET,514,A,TORSION,CB-CG-SD-CE,-161
A,MET,515,A,TORSION,CG-SD-CE-N,8
A,MET,516,A,TORSION,SD-CE-N-CA,64
A,LEU,518,B,TORSION,N-CA-C-O,-23
A,LEU,519,B,TORSION,CA-C-O-CB,-40
A,LEU,520,B,TORSION,C-O-CB-CG,99
A,LEU,521,B,TORSION,O-CB-CG-CD1,140
A,LEU,522,B,TORSION,CB-CG-CD1-CD2,122
A,LEU,523,B,TORSION,CG-CD1-CD2-N,-50
A,LEU,524,B,TORSION,CD1-CD2-N-CA,-97
A,ASP,526,B,TORSION,N-CA-C-O,-27
A,ASP,527,B,TORSION,CA-C-O-CB,-39
A,ASP,528,B,TORSION,C-O-CB-CG,-53
A,ASP,529,B,TORSION,O-CB-CG-OD1,51
A,ASP,530,B,TORSION,CB-CG-OD1-OD2,179
A,ASP,531,B,TORSION,CG-OD1-OD2-N,42
A,ASP,532,B,TORSION,OD1-OD2-N-CA,97
A,GLU,534,L,TORSION,N-CA-C-O,-132
A,GLU,535,L,TORSION,CA-C-O-CB,4
A,GLU,536,L,TORSION,C-O-CB-CG,-44
A,GLU,537,L,TORSION,O-CB-CG-CD,-128
A,GLU,538,L,TORSION,CB-CG-CD-OE1,-0
A,GLU,539,L,TORSION,CG-CD-OE1-OE2,179
A,GLU,540,L,TORSION,CD-OE1-OE2-N,-8
A,GLU,541,L,TORSION,OE1-OE2-N-CA,-3
A,VAL,543,P,TORSION,N-CA-C-O,-53
A,VAL,544,P,TORSION,CA-C-O-CB,-34
A,VAL,545,P,TORSION,C-O-CB-CG1,-73
A,VAL,546,P,TORSION,O-CB-CG1-CG2,170
A,VAL,547,P,TORSION,CB-CG1-CG2-N,-44
A,VAL,548,P,TORSION,CG1-CG2-N-CA,44
A,GLN,550,B,TORSION,N-CA-C-O,-88
A,GLN,551,B,TORSION,CA-C-O-CB,-18
A,GLN,552,B,TORSION,C-O-CB-CG,79
A,GLN,553,B,TORSION,O-CB-CG-CD,-130
A,GLN,554,B,TORSION,CB-CG-CD-OE1,78
A,GLN,555,B,TORSION,CG-CD-OE1-NE2,180
A,GLN,556,B,TORSION,CD-OE1-NE2-N,56
A,GLN,557,B,TORSION,OE1-NE2-N-CA,152
A,CYS,559,B,TORSION,N-CA-C-O,-28
A,CYS,560,B,TORSION,CA-C-O-CB,-41
A,CYS,561,B,TORSION,C-O-CB-SG,111
A,CYS,562,B,TORSION,O-CB-SG-N,-93
A,CYS,563,B,TORSION,CB-SG-N-CA,-29
A,THR,565,A,TORSION,N-CA-C-O,160
A,THR,566,A,TORSION,CA-C-O-CB,37
A,THR,567,A,TORSION,C-O-CB-OG1,69
A,THR,568,A,TORSION,O-CB-OG1-CG2,-169
A,THR,569,A,TORSION,CB-OG1-CG2-N,46
A,THR,570,A,TORSION,OG1-CG2-N-CA,-41
A,GLY,572,G,TORSION,N-CA-C-O,163
A,GLY,573,G,TORSION,CA-C-O-N,-178
A,GLY,574,G,TORSION,C-O-N-CA,-177
A,THR,576,A,TORSION,N-CA-C-O,-174
A,THR,577,A,TORSION,CA-C-O-CB,28
A,THR,578,A,TORSION,C-O-CB-OG1,87
A,THR,579,A,TORSION,O-CB-OG1-CG2,-175
A,THR,580,A,TORSION,CB-OG1-CG2-N,44
A,THR,581,A,TORSION,OG1-CG2-N-CA,-34
A,GLU,583,P,TORSION,N-CA-C-O,-31
A,GLU,584,P,TORSION,CA-C-O-CB,-41
A,GLU,585,P,TORSION,C-O-CB-CG,95
A,GLU,586,P,TORSION,O-CB-CG-CD,57
A,GLU,587,P,TORSION,CB-CG-CD-OE1,-5
A,GLU,588,P,TORSION,CG-CD-OE1-OE2,179
A,GLU,589,P,TORSION,CD-OE1-OE2-N,9
A,GLU,590,P,TORSION,OE1-OE2-N-CA,-56
A,ALA,592,A,TORSION,N-CA-C-O,152
A,ALA,593,A,TORSION,CA-C-O-CB,38
A,ALA,594,A,TORSION,C-O-CB-N,19
A,ALA,595,A,TORSION,O-CB-N-CA,61
A,SER,597,B,TORSION,N-CA-C-O,-20
A,SER,598,B,TORSION,CA-C-O-CB,-42
A,SER,599,B,TORSION,C-O-CB-OG,-57
A,SER,600,B,TORSION,O-CB-OG-N,25
A,SER,601,B,TORSION,CB-OG-N-CA,-138
A,LEU,603,A,TORSION,N-CA-C-O,155
A,LEU,604,A,TORSION,CA-C-O-CB,38
A,LEU,605,A,TORSION,C-O-CB-CG,-122
A,LEU,606,A,TORSION,O-CB-CG-CD1,-120
A,LEU,607,A,TORSION,CB-CG-CD1-CD2,122
A,LEU,608,A,TORSION,CG-CD1-CD2-N,-32
A,LEU,609,A,TORSION,CD1-CD2-N-CA,-88
A,ALA,611,A,TORSION,N-CA-C-O,156
A,ALA,612,A,TORSION,CA-C-O-CB,37
A,ALA,613,A,TORSION,C-O-CB-N,19
A,ALA,614,A,TORSION,O-CB-N-CA,59
A,ASP,616,A,TORSION,N-CA-C-O,-180
A,ASP,617,A,TORSION,CA-C-O-CB,29
A,ASP,618,A,TORSION,C-O-CB-CG,-99
A,ASP,619,A,TORSION,O-CB-CG-OD1,9
A,ASP,620,A,TORSION,CB-CG-OD1-OD2,179
A,ASP,621,A,TORSION,CG-OD1-OD2-N,-23
A,ASP,622,A,TORSION,OD1-OD2-N-CA,125
A,CYS,624,B,TORSION,N-CA-C-O,-18
A,CYS,625,B,TORSION,CA-C-O-CB,-42
A,CYS,626,B,TORSION,C-O-CB-SG,115
A,CYS,627,B,TORSION,O-CB-SG-N,-92
A,CYS,628,B,TORSION,CB-SG-N-CA,-27
A,LYS,630,P,TORSION,N-CA-C-O,-39
A,LYS,631,P,TORSION,CA-C-O-CB,-36
A,LYS,632,P,TORSION,C-O-CB-CG,-67
A,LYS,633,P,TORSION,O-CB-CG-CD,-108
A,LYS,634,P,TORSION,CB-CG-CD-CE,179
A,LYS,635,P,TORSION,CG-CD-CE-NZ,-170
A,LYS,636,P,TORSION,CD-CE-NZ-N,64
A,LYS,637,P,TORSION,CE-NZ-N-CA,132
A,SER,639,B,TORSION,N-CA-C-O,16
A,SER,640,B,TORSION,CA-C-O-CB,-37
A,SER,641,B,TORSION,C-O-CB-OG,-105
A,SER,642,B,TORSION,O-CB-OG-N,39
A,SER,643,B,TORSION,CB-OG-N-CA,179
A,LEU,645,A,TORSION,N-CA-C-O,173
A,LEU,646,A,TORSION,CA-C-O-CB,32
A,LEU,647,A,TORSION,C-O-CB-CG,-117
A,LEU,648,A,TORSION,O-CB-CG-CD1,-131
A,LEU,649,A,TORSION,CB-CG-CD1-CD2,123
A,LEU,650,A,TORSION,CG-CD1-CD2-N,-29
A,LEU,651,A,TORSION,CD1-CD2-N-CA,-98
A,GLY,653,E,TORSION,N-CA-C-O,-22
A,GLY,654,E,TORSION,CA-C-O-N,179
A,GLY,655,E,TORSION,C-O-N-CA,179
A,TRP,657,P,TORSION,N-CA-C-O,-51
A,TRP,658,P,TORSION,CA-C-O-CB,-36
A,TRP,659,P,TORSION,C-O-CB-CG,68
A,TRP,660,P,TORSION,O-CB-CG-CD1,85
A,TRP,661,P,TORSION,CB-CG-CD1-CD2,177
A,TRP,662,P,TORSION,CG-CD1-CD2-NE1,-179
A,TRP,663,P,TORSION,CD1-CD2-NE1-CE2,180
A,TRP,664,P,TORSION,CD2-NE1-CE2-CE3,-0
A,TRP,665,P,TORSION,NE1-CE2-CE3-CZ2,-180
A,TRP,666,P,TORSION,CE2-CE3-CZ2-CZ3,-180
A,TRP,667,P,TORSION,CE3-CZ2-CZ3-CH2,-180
A,TRP,668,P,TORSION,CZ2-CZ3-CH2-N,-14
A,TRP,669,P,TORSION,CZ3-CH2-N-CA,23
A,LEU,671,L,TORSION,N-CA-C-O,-173
A,LEU,672,L,TORSION,CA-C-O-CB,25
A,LEU,673,L,TORSION,C-O-CB-CG,-97
A,LEU,674,L,TORSION,O-CB-CG-CD1,-134
A,LEU,675,L,TORSION,CB-CG-CD1-CD2,122
A,LEU,676,L,TORSION,CG-CD1-CD2-N,-26
A,LEU,677,L,TORSION,CD1-CD2-N-CA,-98
A,LYS,679,B,TORSION,N-CA-C-O,-71
A,LYS,680,B,TORSION,CA-C-O-CB,-27
A,LYS,681,B,TORSION,C-O-CB-CG,-86
A,LYS,682,B,TORSION,O-CB-CG-CD,131
A,LYS,683,B,TORSION,CB-CG-CD-CE,-167
A,LYS,684,B,TORSION,CG-CD-CE-NZ,-159
A,LYS,685,B,TORSION,CD-CE-NZ-N,-70
A,LYS,686,B,TORSION,CE-NZ-N-CA,-74
A,SER,688,B,TORSION,N-CA-C-O,-30
A,SER,689,B,TORSION,CA-C-O-CB,-40
A,SER,690,B,TORSION,C-O-CB-OG,-61
A,SER,691,B,TORSION,O-CB-OG-N,28
A,SER,692,B,TORSION,CB-OG-N-CA,-140
A,ASN,694,A,TORSION,N-CA-C-O,-175
A,ASN,695,A,TORSION,CA-C-O-CB,29
A,ASN,696,A,TORSION,C-O-CB-CG,-125
A,ASN,697,A,TORSION,O-CB-CG-OD1,81
A,ASN,698,A,TORSION,CB-CG-OD1-ND2,179
A,ASN,699,A,TORSION,CG-OD1-ND2-N,9
A,ASN,700,A,TORSION,OD1-ND2-N-CA,147
A,CYS,702,P,TORSION,N-CA-C-O,-20
A,CYS,703,P,TORSION,CA-C-O-CB,-44
A,CYS,704,P,TORSION,C-O-CB-SG,123
A,CYS,705,P,TORSION,O-CB-SG-N,-103
A,CYS,706,P,TORSION,CB-SG-N-CA,-33
A,ARG,708,B,TORSION,N-CA-C-O,-12
A,ARG,709,B,TORSION,CA-C-O-CB,-41
A,ARG,710,B,TORSION,C-O-CB-CG,101
A,ARG,711,B,TORSION,O-CB-CG-CD,95
A,ARG,712,B,TORSION,CB-CG-CD-NE,107
A,ARG,713,B,TORSION,CG-CD-NE-CZ,-154
A,ARG,714,B,TORSION,CD-NE-CZ-NH1,1
A,ARG,715,B,TORSION,NE-CZ-NH1-NH2,-179
A,ARG,716,B,TORSION,CZ-NH1-NH2-N,-35
A,ARG,717,B,TORSION,NH1-NH2-N-CA,-95
A,HIS,719,A,TORSION,N-CA-C-O,165
A,HIS,720,A,TORSION,CA-C-O-CB,33
A,HIS,721,A,TORSION,C-O-CB-CG,-121
A,HIS,722,A,TORSION,O-CB-CG-ND1,-19
A,HIS,723,A,TORSION,CB-CG-ND1-CD2,178
A,HIS,724,A,TORSION,CG-ND1-CD2-CE1,-180
A,HIS,725,A,TORSION,ND1-CD2-CE1-NE2,180
A,HIS,726,A,TORSION,CD2-CE1-NE2-N,-16
A,HIS,727,A,TORSION,CE1-NE2-N-CA,41
A,GLU,729,A,TORSION,N-CA-C-O,171
A,GLU,730,A,TORSION,CA-C-O-CB,32
A,GLU,731,A,TORSION,C-O-CB-CG,95
A,GLU,732,A,TORSION,O-CB-CG-CD,-156
A,GLU,733,A,TORSION,CB-CG-CD-OE1,-90
A,GLU,734,A,TORSION,CG-CD-OE1-OE2,-178
A,GLU,735,A,TORSION,CD-OE1-OE2-N,-1
A,GLU,736,A,TORSION,OE1-OE2-N-CA,107
A,ARG,738,A,TORSION,N-CA-C-O,-171
A,ARG,739,A,TORSION,CA-C-O-CB,27
A,ARG,740,A,TORSION,C-O-CB-CG,-103
A,ARG,741,A,TORSION,O-CB-CG-CD,-1
A,ARG,742,A,TORSION,CB-CG-CD-NE,-78
A,ARG,743,A,TORSION,CG-CD-NE-CZ,-131
A,ARG,744,A,TORSION,CD-NE-CZ-NH1,-0
A,ARG,745,A,TORSION,NE-CZ-NH1-NH2,179
A,ARG,746,A,TORSION,CZ-NH1-NH2-N,6
A,ARG,747,A,TORSION,NH1-NH2-N-CA,174
A,ASP,749,P,TORSION,N-CA-C-O,-58
A,ASP,750,P,TORSION,CA-C-O-CB,-34
A,ASP,751,P,TORSION,C-O-CB-CG,39
A,ASP,752,P,TORSION,O-CB-CG-OD1,-18
A,ASP,753,P,TORSION,CB-CG-OD1-OD2,-179
A,ASP,754,P,TORSION,CG-OD1-OD2-N,16
A,ASP,755,P,TORSION,OD1-OD2-N-CA,156
A,ALA,757,P,TORSION,N-CA-C-O,-31
A,ALA,758,P,TORSION,CA-C-O-CB,-40
A,ALA,759,P,TORSION,C-O-CB-N,-21
A,ALA,760,P,TORSION,O-CB-N-CA,-64
A,GLY,762,B,TORSION,N-CA-C-O,-3
A,GLY,763,B,TORSION,CA-C-O-N,177
A,GLY,764,B,TORSION,C-O-N-CA,178
A,VAL,766,B,TORSION,N-CA-C-O,-16
A,VAL,767,B,TORSION,CA-C-O-CB,-45
A,VAL,768,B,TORSION,C-O-CB-CG1,114
A,VAL,769,B,TORSION,O-CB-CG1-CG2,88
A,VAL,770,B,TORSION,CB-CG1-CG2-N,-3
A,VAL,771,B,TORSION,CG1-CG2-N-CA,164
A,VAL,773,B,TORSION,N-CA-C-O,-54
A,VAL,774,B,TORSION,CA-C-O-CB,-32
A,VAL,775,B,TORSION,C-O-CB-CG1,-68
A,VAL,776,B,TORSION,O-CB-CG1-CG2,176
A,VAL,777,B,TORSION,CB-CG1-CG2-N,-36
A,VAL,778,B,TORSION,CG1-CG2-N-CA,65
A,CYS,780,B,TORSION,N-CA-C-O,-10
A,CYS,781,B,TORSION,CA-C-O-CB,-44
A,CYS,782,B,TORSION,C-O-CB-SG,124
A,CYS,783,B,TORSION,O-CB-SG-N,-92
A,CYS,784,B,TORSION,CB-SG-N-CA,-19
A,THR,786,P,TORSION,N-CA-C-O,-27
A,THR,787,P,TORSION,CA-C-O-CB,-41
A,THR,788,P,TORSION,C-O-CB-OG1,-173
A,THR,789,P,TORSION,O-CB-OG1-CG2,-154
A,THR,790,P,TORSION,CB-OG1-CG2-N,5
A,THR,791,P,TORSION,OG1-CG2-N-CA,-47
A,ASN,793,A,TORSION,N-CA-C-O,148
A,ASN,794,A,TORSION,CA-C-O-CB,40
A,ASN,795,A,TORSION,C-O-CB-CG,-141
A,ASN,796,A,TORSION,O-CB-CG-OD1,157
A,ASN,797,A,TORSION,CB-CG-OD1-ND2,178
A,ASN,798,A,TORSION,CG-OD1-ND2-N,9
A,ASN,799,A,TORSION,OD1-ND2-N-CA,-150
A,GLU,801,P,TORSION,N-CA-C-O,-45
A,GLU,802,P,TORSION,CA-C-O-CB,-37
A,GLU,803,P,TORSION,C-O-CB-CG,151
A,GLU,804,P,TORSION,O-CB-CG-CD,177
A,GLU,805,P,TORSION,CB-CG-CD-OE1,26
A,GLU,806,P,TORSION,CG-CD-OE1-OE2,178
A,GLU,807,P,TORSION,CD-OE1-OE2-N,10
A,GLU,808,P,TORSION,OE1-OE2-N-CA,137
A,THR,810,B,TORSION,N-CA-C-O,156
A,THR,811,B,TORSION,CA-C-O-CB,38
A,THR,812,B,TORSION,C-O-CB-OG1,-72
A,THR,813,B,TORSION,O-CB-OG1-CG2,-103
A,THR,814,B,TORSION,CB-OG1-CG2-N,89
A,THR,815,B,TORSION,OG1-CG2-N-CA,166
A,THR,817,B,TORSION,N-CA-C-O,-21
A,THR,818,B,TORSION,CA-C-O-CB,-40
A,THR,819,B,TORSION,C-O-CB-OG1,-41
A,THR,820,B,TORSION,O-CB-OG1-CG2,-78
A,THR,821,B,TORSION,CB-OG1-CG2-N,82
A,THR,822,B,TORSION,OG1-CG2-N-CA,126
